word,1,2,3,4,5,6,7,8,9,10,11,12,13,14
ANT,AE,N,T,,,,,,,,,,,
BEAR,B,EH,R,,,,,,,,,,,
BEAVER,B,IY,V,ER,,,,,,,,,,
BEE,B,IY,,,,,,,,,,,,
BIRD,B,ER,D,,,,,,,,,,,
BUG,B,AH,G,,,,,,,,,,,
CHICKEN,CH,IH,K,AH,N,,,,,,,,,
DEER,D,IH,R,,,,,,,,,,,
DOLPHIN,D,AA,L,F,AH,N,,,,,,,,
DONKEY,D,AA,NG,K,IY,,,,,,,,,
EAGLE,IY,G,AH,L,,,,,,,,,,
FLY,F,L,AY,,,,,,,,,,,
GIRAFFE,JH,ER,AE,F,,,,,,,,,,
GORILLA,G,ER,IH,L,AH,,,,,,,,,
GRASSHOPPER,G,R,AE,S,HH,AA,P,ER,,,,,,
HIPPO,HH,IH,P,OW,,,,,,,,,,
KANGAROO,K,AE,NG,G,ER,UW,,,,,,,,
LADYBUG,L,EY,D,IY,B,AH,G,,,,,,,
LEOPARD,L,EH,P,ER,D,,,,,,,,,
LIZARD,L,IH,Z,ER,D,,,,,,,,,
LLAMA,L,AA,M,AH,,,,,,,,,,
LOBSTER,L,AA,B,S,T,ER,,,,,,,,
MOOSE,M,UW,S,,,,,,,,,,,
MOSQUITO,M,AH,S,K,IY,T,OW,,,,,,,
MOUSE,M,AW,S,,,,,,,,,,,
OSTRICH,AO,S,T,R,IH,CH,,,,,,,,
PANDA,P,AE,N,D,AH,,,,,,,,,
PARROT,P,EH,R,AH,T,,,,,,,,,
PEACOCK,P,IY,K,AA,K,,,,,,,,,
PELICAN,P,EH,L,AH,K,AH,N,,,,,,,
PENGUIN,P,EH,NG,G,W,AH,N,,,,,,,
PORCUPINE,P,AO,R,K,Y,AH,P,AY,N,,,,,
RABBIT,R,AE,B,AH,T,,,,,,,,,
RACCOON,R,AE,K,UW,N,,,,,,,,,
RHINOCEROS,R,AY,N,AA,S,ER,AH,S,,,,,,
ROOSTER,R,UW,S,T,ER,,,,,,,,,
SCORPION,S,K,AO,R,P,IY,AH,N,,,,,,
SEAHORSE,S,IY,HH,AO,R,S,,,,,,,,
SHARK,SH,AA,R,K,,,,,,,,,,
SHEEP,SH,IY,P,,,,,,,,,,,
SHELL,SH,EH,L,,,,,,,,,,,
SKUNK,S,K,AH,NG,K,,,,,,,,,
SWAN,S,W,AA,N,,,,,,,,,,
TURTLE,T,ER,T,AH,L,,,,,,,,,
UNICORN,Y,UW,N,IH,K,AO,R,N,,,,,,
WALRUS,W,AO,L,R,AH,S,,,,,,,,
WOLF,W,UH,L,F,,,,,,,,,,
WORM,W,ER,M,,,,,,,,,,,
ANTLERS,AE,N,T,L,ER,Z,,,,,,,,
ARM,AA,R,M,,,,,,,,,,,
CHEST,CH,EH,S,T,,,,,,,,,,
FEATHER,F,EH,DH,ER,,,,,,,,,,
FINGER,F,IH,NG,G,ER,,,,,,,,,
HOOF,HH,UW,F,,,,,,,,,,,
LEG,L,EH,G,,,,,,,,,,,
LIPS,L,IH,P,S,,,,,,,,,,
NECK,N,EH,K,,,,,,,,,,,
PAW,P,AO,,,,,,,,,,,,
SHOULDER,SH,OW,L,D,ER,,,,,,,,,
SKELETON,S,K,EH,L,AH,T,AH,N,,,,,,
TAIL,T,EY,L,,,,,,,,,,,
TEAR,T,EH,R,,,,,,,,,,,
TEETH,T,IY,TH,,,,,,,,,,,
THUMB,TH,AH,M,,,,,,,,,,,
TOE,T,OW,,,,,,,,,,,,
WING,W,IH,NG,,,,,,,,,,,
ARTICHOKE,AA,R,T,IH,CH,OW,K,,,,,,,
ASPARAGUS,AH,S,P,EH,R,AH,G,AH,S,,,,,
BUTTER,B,AH,T,ER,,,,,,,,,,
CHEESE,CH,IY,Z,,,,,,,,,,,
CHERRY,CH,EH,R,IY,,,,,,,,,,
COOKIE,K,UH,K,IY,,,,,,,,,,
CRACKERS,K,R,AE,K,ER,Z,,,,,,,,
EGG,EH,G,,,,,,,,,,,,
ICECREAMCONE,AY,S,K,R,IY,M,K,OW,N,,,,,
LEMON,L,EH,M,AH,N,,,,,,,,,
LETTUCE,L,EH,T,AH,S,,,,,,,,,
MUSHROOM,M,AH,SH,R,UW,M,,,,,,,,
NUT,N,AH,T,,,,,,,,,,,
ONION,AH,N,Y,AH,N,,,,,,,,,
ORANGE,AO,R,AH,N,JH,,,,,,,,,
PEACH,P,IY,CH,,,,,,,,,,,
PEANUT,P,IY,N,AH,T,,,,,,,,,
PEAS,P,IY,Z,,,,,,,,,,,
PIZZA,P,IY,T,S,AH,,,,,,,,,
POPCORN,P,AA,P,K,AO,R,N,,,,,,,
POPSICLE,P,AA,P,S,IH,K,AH,L,,,,,,
POTATO,P,AH,T,EY,T,OW,,,,,,,,
RADISH,R,AE,D,IH,SH,,,,,,,,,
SALT,S,AO,L,T,,,,,,,,,,
SPAGHETTI,S,P,AH,G,EH,T,IY,,,,,,,
TOMATO,T,AH,M,EY,T,OW,,,,,,,,
WAFFLE,W,AA,F,AH,L,,,,,,,,,
WALNUT,W,AO,L,N,AH,T,,,,,,,,
WATERMELON,W,AO,T,ER,M,EH,L,AH,N,,,,,
WHEAT,W,IY,T,,,,,,,,,,,
WINE,W,AY,N,,,,,,,,,,,
GRILL,G,R,IH,L,,,,,,,,,,
BATHTUB,B,AE,TH,T,AH,B,,,,,,,,
BRICKS,B,R,IH,K,S,,,,,,,,,
COUCH,K,AW,CH,,,,,,,,,,,
CRIB,K,R,IH,B,,,,,,,,,,
CURTAINS,K,ER,T,AH,N,Z,,,,,,,,
DRAWER,D,R,AO,R,,,,,,,,,,
DRESSER,D,R,EH,S,ER,,,,,,,,,
FENCE,F,EH,N,S,,,,,,,,,,
FISHTANK,F,IH,SH,T,AE,NG,K,,,,,,,
FLOOR,F,L,AO,R,,,,,,,,,,
HAMMOCK,HH,AE,M,AH,K,,,,,,,,,
HIGHCHAIR,HH,AY,CH,EH,ER,,,,,,,,,
IRONINGBOARD,AY,ER,N,IH,NG,B,OW,R,D,,,,,
LADDER,L,AE,D,ER,,,,,,,,,,
LAWNMOWER,L,AO,N,M,OW,ER,,,,,,,,
MAILBOX,M,EY,L,B,AA,K,S,,,,,,,
MIRROR,M,IH,R,ER,,,,,,,,,,
PILLAR,P,IH,L,ER,,,,,,,,,,
RECORDPLAYER,R,IH,K,AO,R,D,P,L,EY,ER,,,,
REFRIGERATOR,R,AH,F,R,IH,JH,ER,EY,T,ER,,,,
ROCKINGCHAIR,R,AA,K,IH,NG,CH,EH,ER,,,,,,
ROOF,R,UW,F,,,,,,,,,,,
RUG,R,AH,G,,,,,,,,,,,
SAFE,S,EY,F,,,,,,,,,,,
SEWINGMACHINE,S,OW,IH,NG,M,AH,SH,IY,N,,,,,
SHOWER,SH,AW,ER,,,,,,,,,,,
SINK,S,IH,NG,K,,,,,,,,,,
STAIRS,S,T,EH,R,Z,,,,,,,,,
STOOL,S,T,UW,L,,,,,,,,,,
STOVE,S,T,OW,V,,,,,,,,,,
TAPERECORDER,T,EY,P,R,IH,K,AO,R,D,ER,,,,
TOASTER,T,OW,S,T,ER,,,,,,,,,
TRASHCAN,T,R,AE,SH,K,AE,N,,,,,,,
TV,T,IY,V,IY,,,,,,,,,,
VACUUM,V,AE,K,Y,UW,M,,,,,,,,
WASHINGMACHINE,W,AA,SH,IH,NG,M,AH,SH,IY,N,,,,
ASHTRAY,AE,SH,T,R,EY,,,,,,,,,
BLOCK,B,L,AA,K,,,,,,,,,,
BOTTLE,B,AA,T,AH,L,,,,,,,,,
BOX,B,AA,K,S,,,,,,,,,,
BUCKET,B,AH,K,IH,T,,,,,,,,,
CAGE,K,EY,JH,,,,,,,,,,,
CANOPENER,K,AE,N,OW,P,AH,N,ER,,,,,,
CLOTHESPIN,K,L,OW,DH,S,P,IH,N,,,,,,
CORK,K,AO,R,K,,,,,,,,,,
CUP,K,AH,P,,,,,,,,,,,
DIME,D,AY,M,,,,,,,,,,,
DUSTPAN,D,AH,S,T,P,AE,N,,,,,,,
FAUCET,F,AO,S,AH,T,,,,,,,,,
FLAG,F,L,AE,G,,,,,,,,,,
FUNNEL,F,AH,N,AH,L,,,,,,,,,
GLOBE,G,L,OW,B,,,,,,,,,,
HANGER,HH,AE,NG,ER,,,,,,,,,,
HOOK,HH,UH,K,,,,,,,,,,,
JAR,JH,AA,R,,,,,,,,,,,
LADLE,L,EY,D,AH,L,,,,,,,,,
LIGHTBULB,L,AY,T,B,AH,L,B,,,,,,,
LIGHTSWITCH,L,AY,T,S,W,IH,CH,,,,,,,
LOCK,L,AA,K,,,,,,,,,,,
MATCH,M,AE,CH,,,,,,,,,,,
MIXER,M,IH,K,S,ER,,,,,,,,,
MOP,M,AA,P,,,,,,,,,,,
MOUSETRAP,M,AW,S,T,R,AE,P,,,,,,,
NEEDLE,N,IY,D,AH,L,,,,,,,,,
PAN,P,AE,N,,,,,,,,,,,
PAPER,P,EY,P,ER,,,,,,,,,,
PAPERCLIP,P,EY,P,ER,K,L,IH,P,,,,,,
PENCILSHARPENER,P,EH,N,S,AH,L,SH,AA,R,P,AH,N,ER,
PICTURE,P,IH,K,CH,ER,,,,,,,,,
PIGGYBANK,P,IH,G,IY,B,AE,NG,K,,,,,,
PITCHER,P,IH,CH,ER,,,,,,,,,,
PLATE,P,L,EY,T,,,,,,,,,,
PLUG,P,L,AH,G,,,,,,,,,,
POT,P,AA,T,,,,,,,,,,,
RADIO,R,EY,D,IY,OW,,,,,,,,,
RAZOR,R,EY,Z,ER,,,,,,,,,,
ROLLINGPIN,R,OW,L,IH,NG,P,IH,N,,,,,,
SAFETYPIN,S,EY,F,T,IY,P,IH,N,,,,,,
SPATULA,S,P,AE,CH,UH,L,AH,,,,,,,
SUITCASE,S,UW,T,K,EY,S,,,,,,,,
TAPE,T,EY,P,,,,,,,,,,,
TEAPOT,T,IY,P,AA,T,,,,,,,,,
THERMOS,TH,ER,M,AH,S,,,,,,,,,
THIMBLE,TH,IH,M,B,AH,L,,,,,,,,
THREAD,TH,R,EH,D,,,,,,,,,,
TOOTHBRUSH,T,UW,TH,B,R,AH,SH,,,,,,,
TRASH,T,R,AE,SH,,,,,,,,,,
TWEEZERS,T,W,IY,Z,ER,Z,,,,,,,,
WATERINGCAN,W,AO,T,ER,IH,NG,K,AE,N,,,,,
GAS,G,AE,S,,,,,,,,,,,
BALCONY,B,AE,L,K,AH,N,IY,,,,,,,
CAROUSEL,K,EH,R,AH,S,EH,L,,,,,,,
CASTLE,K,AE,S,AH,L,,,,,,,,,
CITY,S,IH,T,IY,,,,,,,,,,
FIREHYDRANT,F,IH,R,AH,HH,IH,D,R,AH,N,T,,,
FOUNTAIN,F,AW,N,T,AH,N,,,,,,,,
GRAVE,G,R,EY,V,,,,,,,,,,
IGLOO,IH,G,L,UW,,,,,,,,,,
LIGHTHOUSE,L,AY,T,HH,AW,S,,,,,,,,
POOL,P,UW,L,,,,,,,,,,,
RAILROADTRACKS,R,EY,L,R,OW,D,T,R,AE,K,S,,,
ROAD,R,OW,D,,,,,,,,,,,
STATUE,S,T,AE,CH,UW,,,,,,,,,
STOPLIGHT,S,T,AA,P,L,AY,T,,,,,,,
TEEPEE,T,IY,P,IY,,,,,,,,,,
WINDMILL,W,IH,N,D,M,IH,L,,,,,,,
ACCORDION,AH,K,AO,R,D,IY,AH,N,,,,,,
BANJO,B,AE,N,JH,OW,,,,,,,,,
FLUTE,F,L,UW,T,,,,,,,,,,
MICROPHONE,M,AY,K,R,AH,F,OW,N,,,,,,
MUSIC,M,Y,UW,Z,IH,K,,,,,,,,
PITCHFORK,P,IH,CH,F,AO,R,K,,,,,,,
TRUMPET,T,R,AH,M,P,AH,T,,,,,,,
VIOLIN,V,AY,AH,L,IH,N,,,,,,,,
ACORN,EY,K,AO,R,N,,,,,,,,,
BRANCH,B,R,AE,N,CH,,,,,,,,,
CACTUS,K,AE,K,T,AH,S,,,,,,,,
CLOUD,K,L,AW,D,,,,,,,,,,
DESERT,D,EH,Z,ER,T,,,,,,,,,
FIRE,F,AY,ER,,,,,,,,,,,
HAY,HH,EY,,,,,,,,,,,,
LIGHTNING,L,AY,T,N,IH,NG,,,,,,,,
LOG,L,AO,G,,,,,,,,,,,
MOON,M,UW,N,,,,,,,,,,,
NEST,N,EH,S,T,,,,,,,,,,
PALMTREE,P,AA,M,T,R,IY,,,,,,,,
PINECONE,P,AY,N,K,OW,N,,,,,,,,
RAIN,R,EY,N,,,,,,,,,,,
RAINBOW,R,EY,N,B,OW,,,,,,,,,
ROCK,R,AA,K,,,,,,,,,,,
ROSE,R,OW,Z,,,,,,,,,,,
SMOKE,S,M,OW,K,,,,,,,,,,
SPIDERWEB,S,P,AY,D,ER,W,EH,B,,,,,,
WOOD,W,UH,D,,,,,,,,,,,
BOY,B,OY,,,,,,,,,,,,
DENTIST,D,EH,N,T,AH,S,T,,,,,,,
DOCTOR,D,AA,K,T,ER,,,,,,,,,
GENIE,JH,IY,N,IY,,,,,,,,,,
GIRL,G,ER,L,,,,,,,,,,,
KNIGHT,N,AY,T,,,,,,,,,,,
POLICEMAN,P,AH,L,IY,S,M,AH,N,,,,,,
PRIEST,P,R,IY,S,T,,,,,,,,,
ROBOT,R,OW,B,AA,T,,,,,,,,,
SNOWMAN,S,N,OW,M,AE,N,,,,,,,,
SOLDIER,S,OW,L,JH,ER,,,,,,,,,
WAITER,W,EY,T,ER,,,,,,,,,,
WITCH,W,IH,CH,,,,,,,,,,,
WOMAN,W,UH,M,AH,N,,,,,,,,,
GUN,G,AH,N,,,,,,,,,,,
LIPSTICK,L,IH,P,S,T,IH,K,,,,,,,
PACKAGE,P,AE,K,AH,JH,,,,,,,,,
PRESENT,P,R,EH,Z,AH,N,T,,,,,,,
ANVIL,AE,N,V,AH,L,,,,,,,,,
AX,AE,K,S,,,,,,,,,,,
CHAIN,CH,EY,N,,,,,,,,,,,
CLAMP,K,L,AE,M,P,,,,,,,,,
DRILL,D,R,IH,L,,,,,,,,,,
HINGE,HH,IH,N,JH,,,,,,,,,,
HOE,HH,OW,,,,,,,,,,,,
JACK,JH,AE,K,,,,,,,,,,,
PAINT,P,EY,N,T,,,,,,,,,,
PAINTBRUSH,P,EY,N,T,B,R,AH,SH,,,,,,
PLIERS,P,L,AY,ER,Z,,,,,,,,,
SCREW,S,K,R,UW,,,,,,,,,,
SCREWDRIVER,S,K,R,UW,D,R,AY,V,ER,,,,,
SHOVEL,SH,AH,V,AH,L,,,,,,,,,
WRENCH,R,EH,N,CH,,,,,,,,,,
CORKSCREW,K,AO,R,K,S,K,R,UW,,,,,,
MAGNET,M,AE,G,N,AH,T,,,,,,,,
TELESCOPE,T,EH,L,AH,S,K,OW,P,,,,,,
ARROW,AE,R,OW,,,,,,,,,,,
BAG,B,AE,G,,,,,,,,,,,
BARREL,B,AE,R,AH,L,,,,,,,,,
BOMB,B,AA,M,,,,,,,,,,,
DOLL,D,AA,L,,,,,,,,,,,
FISHINGPOLE,F,IH,SH,IH,NG,P,OW,L,,,,,,
JUMPROPE,JH,AH,M,P,R,OW,P,,,,,,,
KNOT,N,AA,T,,,,,,,,,,,
NET,N,EH,T,,,,,,,,,,,
PUZZLE,P,AH,Z,AH,L,,,,,,,,,
SLINGSHOT,S,L,IH,NG,SH,AA,T,,,,,,,
SWORD,S,AO,R,D,,,,,,,,,,
TENNISRACKET,T,EH,N,AH,S,R,AE,K,AH,T,,,,
TRIPOD,T,R,AY,P,AA,D,,,,,,,,
TROPHY,T,R,OW,F,IY,,,,,,,,,
WHIP,W,IH,P,,,,,,,,,,,
YOYO,Y,OW,Y,OW,,,,,,,,,,
AIRPLANE,EH,R,P,L,EY,N,,,,,,,,
BICYCLE,B,AY,S,IH,K,AH,L,,,,,,,
BLIMP,B,L,IH,M,P,,,,,,,,,
BOAT,B,OW,T,,,,,,,,,,,
CANOE,K,AH,N,UW,,,,,,,,,,
FIRETRUCK,F,AY,ER,T,R,AH,K,,,,,,,
MOTORCYCLE,M,OW,T,ER,S,AY,K,AH,L,,,,,
PARACHUTE,P,EH,R,AH,SH,UW,T,,,,,,,
ROCKET,R,AA,K,AH,T,,,,,,,,,
ROLLERSKATE,R,OW,L,ER,S,K,EY,T,,,,,,
SAILBOAT,S,EY,L,B,OW,T,,,,,,,,
SEESAW,S,IY,S,AO,,,,,,,,,,
SKATEBOARD,S,K,EY,T,B,AO,R,D,,,,,,
SLED,S,L,EH,D,,,,,,,,,,
SLIDE,S,L,AY,D,,,,,,,,,,
STEERINGWHEEL,S,T,IH,ER,IH,NG,W,IY,L,,,,,
STROLLER,S,T,R,OW,L,ER,,,,,,,,
SUBMARINE,S,AH,B,M,ER,IY,N,,,,,,,
SWING,S,W,IH,NG,,,,,,,,,,
TANK,T,AE,NG,K,,,,,,,,,,
TIRE,T,AY,ER,,,,,,,,,,,
TRUCK,T,R,AH,K,,,,,,,,,,
UNICYCLE,Y,UW,N,AH,S,AY,K,AH,L,,,,,
WHEEL,W,IY,L,,,,,,,,,,,
WHEELBARROW,W,IY,L,B,EH,R,OW,,,,,,,
WHEELCHAIR,W,IY,L,CH,EH,R,,,,,,,,
BACKPACK,B,AE,K,P,AE,K,,,,,,,,
BADGE,B,AE,JH,,,,,,,,,,,
BANDAID,B,AE,N,D,EY,D,,,,,,,,
BOW,B,AW,,,,,,,,,,,,
BRA,B,R,AA,,,,,,,,,,,
BUTTON,B,AH,T,AH,N,,,,,,,,,
COAT,K,OW,T,,,,,,,,,,,
DIAPER,D,AY,P,ER,,,,,,,,,,
DRESS,D,R,EH,S,,,,,,,,,,
EARRING,IH,R,IH,NG,,,,,,,,,,
GLASSES,G,L,AE,S,AH,Z,,,,,,,,
HANDCUFFS,HH,AE,N,D,K,AH,F,S,,,,,,
HAT,HH,AE,T,,,,,,,,,,,
HEEL,HH,IY,L,,,,,,,,,,,
HELMET,HH,EH,L,M,AH,T,,,,,,,,
JACKET,JH,AE,K,AH,T,,,,,,,,,
MASK,M,AE,S,K,,,,,,,,,,
MEDAL,M,EH,D,AH,L,,,,,,,,,
PANTS,P,AE,N,T,S,,,,,,,,,
PURSE,P,ER,S,,,,,,,,,,,
SHIRT,SH,ER,T,,,,,,,,,,,
SKIRT,S,K,ER,T,,,,,,,,,,
SLIPPER,S,L,IH,P,ER,,,,,,,,,
STOCKING,S,T,AA,K,IH,NG,,,,,,,,
SWEATER,S,W,EH,T,ER,,,,,,,,,
TIE,T,AY,,,,,,,,,,,,
UMBRELLA,AH,M,B,R,EH,L,AH,,,,,,,
WALLET,W,AO,L,AH,T,,,,,,,,,
WATCH,W,AA,CH,,,,,,,,,,,
BARTENDER,B,AA,R,T,EH,N,D,ER,,,,,,
MISTLETOE,M,IH,S,AH,L,T,OW,,,,,,,
JACKHAMMER,JH,AE,K,HH,AE,M,ER,,,,,,,
CHOPSTICKS,CH,AA,P,S,T,IH,K,S,,,,,,
MOCCASINS,M,AA,K,AH,S,IH,N,Z,,,,,,
SALSA,S,AA,L,S,AH,,,,,,,,,
BOXINGGLOVES,B,AA,K,S,IH,NG,G,L,AH,V,Z,,,
CAMOUFLAGE,K,AE,M,AH,F,L,AA,ZH,,,,,,
DARTBOARD,D,AA,R,T,B,AO,R,D,,,,,,
BRIDE,B,R,AY,D,,,,,,,,,,
GRAVY,G,R,EY,V,IY,,,,,,,,,
FOX,F,AA,K,S,,,,,,,,,,
STAR,S,T,AA,R,,,,,,,,,,
PINEAPPLE,P,AY,N,AE,P,AH,L,,,,,,,
ENVELOPE,EH,N,V,AH,L,OW,P,,,,,,,
LEMONADE,L,EH,M,AH,N,EY,D,,,,,,,
YAM,Y,AE,M,,,,,,,,,,,
SUSHI,S,UW,SH,IY,,,,,,,,,,
SQUASH,S,K,W,AA,SH,,,,,,,,,
SCALLIONS,S,K,AE,L,Y,AH,N,Z,,,,,,
PLUMBER,P,L,AH,M,ER,,,,,,,,,
BINDER,B,AY,N,D,ER,,,,,,,,,
WAND,W,AA,N,D,,,,,,,,,,
STAPLER,S,T,EY,P,AH,L,ER,,,,,,,
BATTERY,B,AE,T,ER,IY,,,,,,,,,
GARBAGE,G,AA,R,B,IH,JH,,,,,,,,
PINWHEEL,P,IH,N,W,IY,L,,,,,,,,
KETTLE,K,EH,T,AH,L,,,,,,,,,
SANTA,S,AE,N,T,AH,,,,,,,,,
JETSKI,JH,EH,T,S,K,IY,,,,,,,,
COFFEE,K,AA,F,IY,,,,,,,,,,
MARACAS,M,AE,R,AH,K,AH,Z,,,,,,,
POPE,P,OW,P,,,,,,,,,,,
HAIRDRESSER,HH,EH,R,D,R,EH,S,ER,,,,,,
NIGHTLIGHT,N,AY,T,L,AY,T,,,,,,,,
NURSERY,N,ER,S,ER,IY,,,,,,,,,
BARBELL,B,AA,R,B,EH,L,,,,,,,,
DANCER,D,AE,N,S,ER,,,,,,,,,
GYM,JH,IH,M,,,,,,,,,,,
WATERBOTTLE,W,AO,T,ER,B,AO,T,AH,L,,,,,
GINGERBREADHOUSE,JH,IH,N,JH,ER,B,R,EH,D,HH,AW,S,,
NOTEBOOK,N,OW,T,B,UH,K,,,,,,,,
ESCALATOR,EH,S,K,AH,L,EY,T,ER,,,,,,
COUPON,K,UW,P,AO,N,,,,,,,,,
GREENBEANS,G,R,IY,N,B,IY,N,Z,,,,,,
WALKER,W,AO,K,ER,,,,,,,,,,
STABLE,S,T,EY,B,AH,L,,,,,,,,
HERSHEYKISS,HH,ER,Z,HH,EY,K,IH,S,,,,,,
FREEZER,F,R,IY,Z,ER,,,,,,,,,
GOWN,G,AW,N,,,,,,,,,,,
DOGTAGS,D,AO,G,T,AE,G,Z,,,,,,,
JERSEY,JH,ER,Z,IY,,,,,,,,,,
LAPTOP,L,AE,P,T,AA,P,,,,,,,,
MANGO,M,AE,NG,G,OW,,,,,,,,,
MALL,M,AO,L,,,,,,,,,,,
MEDICINE,M,EH,D,AH,S,AH,N,,,,,,,
HILL,HH,IH,L,,,,,,,,,,,
HURRICANE,HH,ER,AH,K,EY,N,,,,,,,,
KEYCHAIN,K,IY,CH,EY,N,,,,,,,,,
NAILPOLISH,N,EY,L,P,AA,L,IH,SH,,,,,,
COFFEEPOT,K,AO,F,IY,P,AA,T,,,,,,,
SLEIGH,S,L,EY,,,,,,,,,,,
CHECK,CH,EH,K,,,,,,,,,,,
MENU,M,EH,N,Y,UW,,,,,,,,,
PARADE,P,ER,EY,D,,,,,,,,,,
FRENCHFRIES,F,R,EH,N,CH,F,R,AY,Z,,,,,
GOALPOST,G,OW,L,P,OW,S,T,,,,,,,
HUBCAP,HH,AH,B,K,AE,P,,,,,,,,
REDPOTATOES,R,EH,D,P,AH,T,EY,T,OW,Z,,,,
SOAP,S,OW,P,,,,,,,,,,,
REFEREE,R,EH,F,ER,IY,,,,,,,,,
TRAY,T,R,EY,,,,,,,,,,,
TOAST,T,OW,S,T,,,,,,,,,,
MILK,M,IH,L,K,,,,,,,,,,
BLEACHERS,B,L,IY,CH,ER,Z,,,,,,,,
SODA,S,OW,D,AH,,,,,,,,,,
FLIPFLOPS,F,L,IH,P,F,L,AA,P,S,,,,,
BEACH,B,IY,CH,,,,,,,,,,,
COWBOYHAT,K,AW,B,OY,HH,AE,T,,,,,,,
ISLAND,AY,L,AH,N,D,,,,,,,,,
STAMP,S,T,AE,M,P,,,,,,,,,
MARKERBOARD,M,AA,R,K,ER,B,OW,R,D,,,,,
TANKTOP,T,AE,NG,K,T,AA,P,,,,,,,
COTTONBALL,K,AA,T,AH,N,B,AO,L,,,,,,
TISSUEBOX,T,IH,SH,UW,B,AA,K,S,,,,,,
SNOWPLOW,S,N,OW,P,L,AW,,,,,,,,
FRAME,F,R,EY,M,,,,,,,,,,
STICK,S,T,IH,K,,,,,,,,,,
HORN,HH,AO,R,N,,,,,,,,,,
STADIUM,S,T,EY,D,IY,AH,M,,,,,,,
SANDBOX,S,AE,N,D,B,AA,K,S,,,,,,
PILLBOX,P,IH,L,B,AA,K,S,,,,,,,
CLOWNFISH,K,L,AW,N,F,IH,SH,,,,,,,
BOOKENDS,B,UH,K,EH,N,D,Z,,,,,,,
COINS,K,OY,N,Z,,,,,,,,,,
TRAMPOLINE,T,R,AE,M,P,AH,L,IY,N,,,,,
IRON,AY,ER,N,,,,,,,,,,,
HIGHWAY,HH,AY,W,EY,,,,,,,,,,
DIVINGBOARD,D,AY,V,IH,NG,B,OW,R,D,,,,,
YARN,Y,AA,R,N,,,,,,,,,,
BASKETBALL,B,AE,S,K,AH,T,B,AO,L,,,,,
MOBILE,M,OW,B,AH,L,,,,,,,,,
TRIANGLE,T,R,AY,AE,NG,G,AH,L,,,,,,
LEOTARD,L,IY,AH,T,AA,R,D,,,,,,,
CLARINET,K,L,EH,R,AH,N,EH,T,,,,,,
TENNISBALL,T,EH,N,AH,S,B,AO,L,,,,,,
JANITOR,JH,AE,N,AH,T,ER,,,,,,,,
QUARTER,K,W,AO,R,T,ER,,,,,,,,
SANDAL,S,AE,N,D,AH,L,,,,,,,,
HAIRCLIP,HH,EH,R,K,L,IH,P,,,,,,,
CUPCAKE,K,AH,P,K,EY,K,,,,,,,,
PODIUM,P,OW,D,IY,AH,M,,,,,,,,
TULIP,T,UW,L,IH,P,,,,,,,,,
SLING,S,L,IH,NG,,,,,,,,,,
HORSESHOE,HH,AO,R,S,SH,UW,,,,,,,,
TACO,T,AA,K,OW,,,,,,,,,,
FILTER,F,IH,L,T,ER,,,,,,,,,
PONCHO,P,AA,N,CH,OW,,,,,,,,,
FIREWORKS,F,AY,R,W,ER,K,S,,,,,,,
GURNEY,G,ER,N,IY,,,,,,,,,,
ORNAMENT,AO,R,N,AH,M,AH,N,T,,,,,,
KEG,K,EH,G,,,,,,,,,,,
GOLFCOURSE,G,AA,L,F,K,OW,R,S,,,,,,
OLIVES,AA,L,IH,V,Z,,,,,,,,,
LOTION,L,OW,SH,AH,N,,,,,,,,,
LANTERN,L,AE,N,T,ER,N,,,,,,,,
LOLLIPOP,L,AA,L,IY,P,AA,P,,,,,,,
PROTRACTOR,P,R,OW,T,R,AE,K,T,ER,,,,,
CHALKBOARD,CH,AO,K,B,OW,R,D,,,,,,,
CROCKPOT,K,R,AA,K,P,AA,T,,,,,,,
VOLLEYBALL,V,AA,L,IY,B,AO,L,,,,,,,
RAISINS,R,EY,Z,AH,N,Z,,,,,,,,
BANISTER,B,AE,N,IH,S,T,ER,,,,,,,
SNOWGLOBE,S,N,OW,G,L,OW,B,,,,,,,
DEODORANT,D,IY,OW,D,ER,AH,N,T,,,,,,
HAIRPIN,HH,EH,R,P,IH,N,,,,,,,,
CORAL,K,AO,R,AH,L,,,,,,,,,
CROISSANT,K,W,AA,S,AA,N,T,,,,,,,
OVENMITT,AH,V,EH,N,M,AH,T,,,,,,,
CUTTINGBOARD,K,AH,T,IH,NG,B,OW,R,D,,,,,
CALCULATOR,K,AE,L,K,Y,AH,L,EY,T,ER,,,,
CRANBERRIES,K,R,AE,N,B,EH,R,IY,Z,,,,,
TONGUEDEPRESSOR,T,AH,NG,D,IY,P,R,EH,S,ER,,,,
TROMBONE,T,R,AA,M,B,OW,N,,,,,,,
CHART,CH,AA,R,T,,,,,,,,,,
VISOR,V,AY,Z,ER,,,,,,,,,,
BULL,B,UH,L,,,,,,,,,,,
LICORICE,L,IH,K,ER,IH,SH,,,,,,,,
FIREEXTINGUISHER,F,AY,ER,IH,K,S,T,IH,NG,G,W,IH,SH,ER
ERASER,IH,R,EY,S,ER,,,,,,,,,
BINGOCARD,B,IH,N,G,OW,K,AA,R,D,,,,,
CATERPILLAR,K,AE,T,AH,P,IH,L,ER,,,,,,
EYELASHES,AY,L,AE,SH,IH,Z,,,,,,,,
COAL,K,OW,L,,,,,,,,,,,
REMOTE,R,IH,M,OW,T,,,,,,,,,
JALAPENO,HH,AE,L,AH,P,IY,N,Y,OW,,,,,
STAIRGLIDE,S,T,EH,R,G,L,AY,D,,,,,,
HEADBAND,HH,EH,D,B,AE,N,D,,,,,,,
FLOUR,F,L,AW,ER,,,,,,,,,,
BARN,B,AA,R,N,,,,,,,,,,
ICECREAM,AY,S,K,R,IY,M,,,,,,,,
SUNFLOWER,S,AH,N,F,L,AW,ER,,,,,,,
GYMNAST,JH,IH,M,N,AH,S,T,,,,,,,
DOVE,D,AH,V,,,,,,,,,,,
DANDELION,D,AE,N,D,AH,L,AY,AH,N,,,,,
BROWNIE,B,R,AW,N,IY,,,,,,,,,
MUSTARD,M,AH,S,T,ER,D,,,,,,,,
TOOTHPASTE,T,UW,TH,P,EY,S,T,,,,,,,
FINGERNAIL,F,IH,NG,G,ER,N,EY,L,,,,,,
TISSUE,T,IH,S,Y,UW,,,,,,,,,
MEATLOAF,M,IY,T,L,OW,F,,,,,,,,
HANDSANITIZER,HH,AE,N,D,S,AE,N,AH,T,AY,Z,AH,R,
MAILTRUCK,M,EY,L,T,R,AH,K,,,,,,,
MAGAZINE,M,AE,G,AH,Z,IY,N,,,,,,,
BASEBALL,B,EY,S,B,AO,L,,,,,,,,
BURRITO,B,ER,IY,T,OW,,,,,,,,,
COFFEECUP,K,AO,F,IY,K,AH,P,,,,,,,
POT,P,AA,T,,,,,,,,,,,
BISON,B,AY,S,AH,N,,,,,,,,,
JAGUAR,JH,AE,G,W,AA,R,,,,,,,,
WOOL,W,UH,L,,,,,,,,,,,
HEDGEHOG,HH,EH,JH,HH,AA,G,,,,,,,,
PLASTICBAG,P,L,AE,S,T,IH,K,B,AE,G,,,,
MARKERS,M,AA,R,K,ER,Z,,,,,,,,
ÈCLAIR,K,L,AE,AH,R,,,,,,,,,
COMBINE,K,AA,M,B,AY,N,,,,,,,,
ZIPLINE,Z,IH,P,L,AY,N,,,,,,,,
TRAIL,T,R,EY,L,,,,,,,,,,
PUCK,P,AH,K,,,,,,,,,,,
STRAW,S,T,R,AO,,,,,,,,,,
DOMINOES,D,AA,M,AH,N,OW,Z,,,,,,,
MAILMAN,M,EY,L,M,AE,N,,,,,,,,
BOWTIE,B,AW,T,AY,,,,,,,,,,
HEADLIGHT,HH,EH,D,L,AY,T,,,,,,,,
BLACKBERRY,B,L,AE,K,B,EH,R,IY,,,,,,
SNOWMOBILE,S,N,OW,M,OW,B,IY,L,,,,,,
WIPERS,W,AY,P,ER,Z,,,,,,,,,
ARTIST,AA,R,T,AH,S,T,,,,,,,,
ICICLES,AY,S,IH,K,AH,L,Z,,,,,,,
CHEF,SH,EH,F,,,,,,,,,,,
VEIL,V,EY,L,,,,,,,,,,,
RESTAURANT,R,EH,S,T,ER,AA,N,T,,,,,,
PHARMACY,F,AA,R,M,AH,S,IY,,,,,,,
CHAMPAGNE,SH,AE,M,P,EY,N,,,,,,,,
WREATH,R,IY,TH,,,,,,,,,,,
SNOWFLAKE,S,N,OW,F,L,EY,K,,,,,,,
DINOSAUR,D,AY,N,AH,S,AO,R,,,,,,,
WADERS,W,EY,D,ER,Z,,,,,,,,,
CANDYCANE,K,AE,N,D,IY,K,EY,N,,,,,,
TAG,T,AE,G,,,,,,,,,,,
SPRINKLES,S,P,R,IH,NG,K,AH,L,Z,,,,,
GARDEN,G,AA,R,D,AH,N,,,,,,,,
CLOTHESLINE,K,L,OW,DH,Z,L,AY,N,,,,,,
FACTORY,F,AE,K,T,ER,IY,,,,,,,,
PEW,P,Y,UW,,,,,,,,,,,
HERBS,ER,B,Z,,,,,,,,,,,
CARWASH,K,AA,R,W,AA,SH,,,,,,,,
LUNGS,L,AH,NG,Z,,,,,,,,,,
HONEY,HH,AH,N,IY,,,,,,,,,,
CIRCUS,S,ER,K,AH,S,,,,,,,,,
MUSEUM,M,Y,UW,Z,IY,AH,M,,,,,,,
ROULETTE,R,UW,L,EH,T,,,,,,,,,
CASKET,K,AE,S,K,AH,T,,,,,,,,
GOLD,G,OW,L,D,,,,,,,,,,
LOGCABIN,L,AA,G,K,AE,B,AH,N,,,,,,
GRILLEDCHEESE,G,R,IH,L,D,CH,IY,Z,,,,,,
REINDEER,R,EY,N,D,IH,R,,,,,,,,
ABACUS,AE,B,AH,K,AH,S,,,,,,,,
POPMACHINE,P,AA,P,M,AH,SH,IY,N,,,,,,
COMPUTER,K,AH,M,P,Y,UW,T,ER,,,,,,
OVEN,AH,V,AH,N,,,,,,,,,,
MEASURINGSPOONS,M,EH,ZH,ER,IH,NG,S,P,UW,N,Z,,,
PEANUTBUTTER,P,IY,N,AH,T,B,AH,T,ER,,,,,
DAM,D,AE,M,,,,,,,,,,,
TEA,T,IY,,,,,,,,,,,,
SCHOOL,S,K,UW,L,,,,,,,,,,
PUNCHBOWL,P,AH,N,CH,B,OW,L,,,,,,,
KEYBOARD,K,IY,B,AO,R,D,,,,,,,,
SUNGLASSES,S,AH,N,G,L,AE,S,IH,Z,,,,,
COFFEETABLE,K,AO,F,IY,T,EY,B,AH,L,,,,,
SOMBRERO,S,AA,M,B,R,EH,R,OW,,,,,,
KAYAK,K,AY,AE,K,,,,,,,,,,
SECURITYGUARD,S,IH,K,Y,UH,R,AH,T,IY,G,AA,R,D,
BRAIN,B,R,EY,N,,,,,,,,,,
CROSSWALK,K,R,AA,S,W,AA,K,,,,,,,
JEANS,JH,IY,N,Z,,,,,,,,,,
WATERFOUNTAIN,W,AO,T,ER,F,AW,N,T,AH,N,,,,
GAMECONTROLLER,G,EY,M,K,AH,N,T,R,OW,L,ER,,,
SHISHKABOB,SH,IH,SH,AH,B,AH,B,,,,,,,
CASHREGISTER,K,AE,SH,R,EH,JH,AH,S,T,ER,,,,
TICKET,T,IH,K,AH,T,,,,,,,,,
MEATBALLS,M,IY,T,B,AO,L,Z,,,,,,,
PALETTE,P,AE,L,AH,T,,,,,,,,,
HEADPHONES,HH,EH,D,F,OW,N,Z,,,,,,,
BEEHIVE,B,IY,HH,AY,V,,,,,,,,,
DALMATION,D,AH,M,EY,SH,AH,N,,,,,,,
SHELF,SH,EH,L,F,,,,,,,,,,
OREOS,OW,R,AA,S,,,,,,,,,,
CHICKENWINGS,CH,IH,K,AH,N,W,IH,NG,Z,,,,,
PENINSULA,P,AH,N,IH,N,S,AH,L,AH,,,,,
TOILETPAPER,T,OY,L,AH,T,P,EY,P,ER,,,,,
BLENDER,B,L,EH,N,D,ER,,,,,,,,
HEADSET,HH,EH,D,S,EH,T,,,,,,,,
DREAMCATCHER,D,R,IY,M,K,AE,CH,ER,,,,,,
OVERALLS,OW,V,ER,AO,L,Z,,,,,,,,
BROCCOLI,B,R,AA,K,AH,L,IY,,,,,,,
POCKET,P,AA,K,AH,T,,,,,,,,,
CARDS,K,AA,R,D,Z,,,,,,,,,
WAVE,W,EY,V,,,,,,,,,,,
HOAGIE,HH,OW,G,IY,,,,,,,,,,
SALAD,S,AE,L,AH,D,,,,,,,,,
TOASTEROVEN,T,OW,S,T,ER,AH,V,AH,N,,,,,
MAGNIFYINGGLASS,M,AE,G,N,AH,F,AY,IH,NG,G,L,AE,S,
PAPERAIRPLANE,P,EY,P,ER,EH,R,P,L,EY,N,,,,
CUCUMBER,K,Y,UW,K,AH,M,B,ER,,,,,,
CHESSBOARD,CH,EH,S,B,AO,R,D,,,,,,,
DISCOBALL,D,IH,S,K,OW,B,AO,L,,,,,,
CD,S,IY,D,IY,,,,,,,,,,
RV,AA,R,V,,,,,,,,,,,
RUBBERBANDS,R,AH,B,ER,B,AE,N,D,Z,,,,,
CELLO,CH,EH,L,OW,,,,,,,,,,
CHANDELIER,SH,AE,N,D,AH,L,IH,R,,,,,,
BUNKBED,B,AH,NG,K,B,EH,D,,,,,,,
BULLETINBOARD,B,UH,L,AH,T,IH,N,B,OW,R,D,,,
PACIFIER,P,AE,S,AH,F,AY,ER,,,,,,,
CEMENT,S,AH,M,EH,N,T,,,,,,,,
CRANE,K,R,EY,N,,,,,,,,,,
SOCCERGOAL,S,AA,K,ER,G,OW,L,,,,,,,
BLINDS,B,L,AY,N,D,Z,,,,,,,,
TRAFFICCONE,T,R,AE,F,IH,K,OW,N,,,,,,
CINNAMONROLL,S,IH,N,AH,M,AA,N,R,AH,L,,,,
BOWLINGBALL,B,AW,L,IH,NG,B,AO,L,,,,,,
PERFUME,P,ER,F,Y,UW,M,,,,,,,,
SEATBELT,S,IY,T,B,EH,L,T,,,,,,,
FILECABINET,F,AY,L,K,AE,B,N,AH,T,,,,,
PICKLES,P,IH,K,AH,L,Z,,,,,,,,
SLINKY,S,L,IH,NG,K,IY,,,,,,,,
CANNOLI,K,AE,N,AH,L,IY,,,,,,,,
DOGBED,D,AO,G,B,EH,D,,,,,,,,
BUBBLE,B,AH,B,AH,L,,,,,,,,,
FORTUNECOOKIE,F,AO,R,CH,AH,N,K,UH,K,IY,,,,
GUTTERS,G,AH,T,ER,Z,,,,,,,,,
PEARLS,P,ER,L,Z,,,,,,,,,,
Q-TIPS,K,Y,UW,T,IH,P,S,,,,,,,
ALMONDS,AA,L,M,AH,N,D,Z,,,,,,,
STOPSIGN,S,T,AA,P,S,AY,N,,,,,,,
SAXOPHONE,S,AE,K,S,AH,F,OW,N,,,,,,
BLUEBERRIES,B,L,UW,B,EH,R,IY,Z,,,,,,
DOORKNOB,D,UW,R,N,AA,B,,,,,,,,
PINBALLMACHINE,P,IH,N,B,AO,L,M,AH,SH,IY,N,,,
CAMPER,K,AE,M,P,ER,,,,,,,,,
POTATOCHIPS,P,AH,T,EY,T,OW,CH,IH,P,S,,,,
BARRE,B,EH,R,IY,,,,,,,,,,
WINEGLASS,W,AY,N,G,L,AE,S,,,,,,,
DOLLHOUSE,D,AA,L,HH,AW,S,,,,,,,,
GOLFBALL,G,AA,L,F,B,AO,L,,,,,,,
PORCH,P,AO,R,CH,,,,,,,,,,
RUBIKSCUBE,R,UW,B,AH,K,S,Y,UW,B,,,,,
BAGEL,B,EY,G,AH,L,,,,,,,,,
BOOTH,B,UW,TH,,,,,,,,,,,
SCOOTER,S,K,UW,T,ER,,,,,,,,,
POLE,P,OW,L,,,,,,,,,,,
BIBLE,B,AY,B,AH,L,,,,,,,,,
CEREAL,S,IH,R,IY,AH,L,,,,,,,,
JUICE,JH,UW,S,,,,,,,,,,,
KETCHUP,K,EH,CH,AH,P,,,,,,,,,
SYRUP,S,ER,AH,P,,,,,,,,,,
NAPKIN,N,AE,P,K,IH,N,,,,,,,,
CART,K,AA,R,T,,,,,,,,,,
LICENSEPLATE,L,AY,S,AH,N,S,P,L,EY,T,,,,
CANDY,K,AE,N,D,IY,,,,,,,,,
LIBRARY,L,AY,B,R,EH,R,IY,,,,,,,
GARGOYLE,G,AA,R,G,OY,L,,,,,,,,
GASSTATION,G,AE,S,T,EY,SH,AH,N,,,,,,
CAULIFLOWER,K,AA,L,AH,F,L,AW,ER,,,,,,
NEWSPAPER,N,UW,Z,P,EY,P,ER,,,,,,,
BAR,B,AA,R,,,,,,,,,,,
CHEETAH,CH,IY,T,AH,,,,,,,,,,
DRAGONFLY,D,R,AE,G,AH,N,F,L,AY,,,,,
CHIPMUNK,CH,IH,P,M,AH,NG,K,,,,,,,
DIPLOMA,D,IH,P,L,OW,M,AA,,,,,,,
QUAIL,K,W,EY,L,,,,,,,,,,
HUMIDOR,HH,Y,UW,M,IH,D,AO,R,,,,,,
POPCORNMACHINE,P,AA,P,K,AO,R,N,M,AH,SH,IY,N,,
FURNACE,F,ER,N,AH,S,,,,,,,,,
TIMER,T,AY,M,ER,,,,,,,,,,
MACARONI,M,AE,K,ER,OW,N,IY,,,,,,,
BALLPIT,B,AO,L,P,IH,T,,,,,,,,
PLAYDOH,P,L,EY,D,OW,,,,,,,,,
DETERGENT,D,IH,T,ER,JH,AH,N,T,,,,,,
PRINTER,P,R,IH,N,T,ER,,,,,,,,
COOKIECUTTER,K,UH,K,IY,K,AH,T,ER,,,,,,
HOCKEYSTICK,HH,AA,K,IY,S,T,IH,K,,,,,,
CHECKBOOK,CH,EH,K,B,UH,K,,,,,,,,
JOURNAL,JH,ER,N,AH,L,,,,,,,,,
HEARSE,HH,ER,S,,,,,,,,,,,
WINDSOCK,W,IH,N,D,S,AA,K,,,,,,,
HOURGLASS,AW,ER,G,L,AE,S,,,,,,,,
GARLAND,G,AA,R,L,AH,N,D,,,,,,,
DACHSHUND,D,AA,K,S,HH,UH,N,D,,,,,,
LOCKERS,L,AA,K,ER,Z,,,,,,,,,
VAN,V,AE,N,,,,,,,,,,,
FROSTING,F,R,AO,S,T,IH,NG,,,,,,,
VASE,V,EY,S,,,,,,,,,,,
BULLHORN,B,UH,L,HH,AO,R,N,,,,,,,
DAIQUIRI,D,AE,K,ER,IY,,,,,,,,,
HURDLER,HH,ER,D,AH,L,ER,,,,,,,,
AMP,AE,M,P,,,,,,,,,,,
BEER,B,IH,R,,,,,,,,,,,
BEAKER,B,IY,K,ER,,,,,,,,,,
BAY,B,EY,,,,,,,,,,,,
BARGE,B,AA,R,JH,,,,,,,,,,
BEADS,B,IY,D,Z,,,,,,,,,,
CHILDREN,CH,IH,L,D,R,AH,N,,,,,,,
DOCK,D,AA,K,,,,,,,,,,,
DOUGHNUT,D,OW,N,AH,T,,,,,,,,,
DOLLAR,D,AA,L,ER,,,,,,,,,,
EASEL,IY,Z,AH,L,,,,,,,,,,
FLANNEL,F,L,AE,N,AH,L,,,,,,,,
JOCKEY,JH,AA,K,IY,,,,,,,,,,
GONDOLA,G,AA,N,D,AH,L,AH,,,,,,,
GREENHOUSE,G,R,IY,N,HH,AW,S,,,,,,,
HOCKEY,HH,AA,K,IY,,,,,,,,,,
KETTLEBELL,K,EH,T,AH,L,B,EH,L,,,,,,
LAVENDER,L,AE,V,AH,N,D,ER,,,,,,,
LIGHTER,L,AY,T,ER,,,,,,,,,,
LANCE,L,AE,N,S,,,,,,,,,,
LASSO,L,AE,S,OW,,,,,,,,,,
LEASH,L,IY,SH,,,,,,,,,,,
MUD,M,AH,D,,,,,,,,,,,
MACAROON,M,AE,K,AH,R,UW,N,,,,,,,
MEAT,M,IY,T,,,,,,,,,,,
OMELET,AA,M,L,AH,T,,,,,,,,,
PADDLE,P,AE,D,AH,L,,,,,,,,,
PALLET,P,AE,L,AH,T,,,,,,,,,
PUPPET,P,AH,P,AH,T,,,,,,,,,
PENTAGON,P,EH,N,T,IH,G,AA,N,,,,,,
PENNANT,P,EH,N,AH,N,T,,,,,,,,
PAJAMAS,P,AH,JH,AA,M,AH,Z,,,,,,,
RIBBON,R,IH,B,AH,N,,,,,,,,,
ROBIN,R,AA,B,AH,N,,,,,,,,,
ROLLERCOASTER,R,OW,L,ER,K,OW,S,T,ER,,,,,
RACETRACK,R,EY,S,T,R,AE,K,,,,,,,
SCALPEL,S,K,AE,L,P,AH,L,,,,,,,
SOFTBALL,S,AO,F,T,B,AO,L,,,,,,,
SHACK,SH,AE,K,,,,,,,,,,,
SHOP,SH,AA,P,,,,,,,,,,,
SHOT,SH,AA,T,,,,,,,,,,,
SKETCH,S,K,EH,CH,,,,,,,,,,
SWAMP,S,W,AA,M,P,,,,,,,,,
TUNNEL,T,AH,N,AH,L,,,,,,,,,
YOGA,Y,OW,G,AH,,,,,,,,,,
WALKWAY,W,AO,K,W,EY,,,,,,,,,
WINDOW,W,IH,N,D,OW,,,,,,,,,
WHARF,W,AO,R,F,,,,,,,,,,
ASTRONAUT,AE,S,T,R,AH,N,AA,T,,,,,,
ARCH,AA,R,CH,,,,,,,,,,,
CHALK,CH,AA,K,,,,,,,,,,,
FEDORA,F,IH,D,AO,R,AH,,,,,,,,
FALCON,F,AE,L,K,AH,N,,,,,,,,
HUT,HH,AH,T,,,,,,,,,,,
LACE,L,EY,S,,,,,,,,,,,
LIGHTS,L,AY,T,S,,,,,,,,,,
NUTCRACKER,N,AH,T,K,R,AE,K,ER,,,,,,
PAIL,P,EY,L,,,,,,,,,,,
SUGAR,SH,UH,G,ER,,,,,,,,,,
SKYDIVER,S,K,AY,D,AY,V,ER,,,,,,,
TACK,T,AE,K,,,,,,,,,,,
TOWEL,T,AW,AH,L,,,,,,,,,,
TYPEWRITER,T,AY,P,R,AY,T,ER,,,,,,,
THIEF,TH,IY,F,,,,,,,,,,,
TOY,T,OY,,,,,,,,,,,,
WASH,W,AA,SH,,,,,,,,,,,
APPLESAUCE,AE,P,AH,L,S,AO,S,,,,,,,
ACCOUNTANT,AH,K,AW,N,T,AH,N,T,,,,,,
BEAGLE,B,IY,G,AH,L,,,,,,,,,
CHILI,CH,IH,L,IY,,,,,,,,,,
CHAPSTICK,CH,AE,P,S,T,IH,K,,,,,,,
CATTLE,K,AE,T,AH,L,,,,,,,,,
CRAYONS,K,R,EY,AA,N,Z,,,,,,,,
ELEVATOR,EH,L,AH,V,EY,T,ER,,,,,,,
ICESKATER,AY,S,K,EY,T,ER,,,,,,,,
LABEL,L,EY,B,AH,L,,,,,,,,,
LAUNDROMAT,L,AO,N,D,R,AH,M,AE,T,,,,,
MANSION,M,AE,N,SH,AH,N,,,,,,,,
KNEEL,N,IY,L,,,,,,,,,,,
USHER,AH,SH,ER,,,,,,,,,,,
ORCHID,AO,R,K,AH,D,,,,,,,,,
PUG,P,AH,G,,,,,,,,,,,
PADLOCK,P,AE,D,L,AA,K,,,,,,,,
POMPOM,P,AA,M,P,AA,M,,,,,,,,
PENNY,P,EH,N,IY,,,,,,,,,,
PUPPY,P,AH,P,IY,,,,,,,,,,
PISTACHIOS,P,AH,S,T,AE,SH,IY,OW,Z,,,,,
PETUNIA,P,AH,T,UW,N,IY,AH,,,,,,,
RAVEN,R,EY,V,AH,N,,,,,,,,,
SIGN,S,AY,N,,,,,,,,,,,
SPEAR,S,P,IH,R,,,,,,,,,,
TAMBOURINE,T,AE,M,B,ER,IY,N,,,,,,,
WATER,W,AO,T,ER,,,,,,,,,,
WELDER,W,EH,L,D,ER,,,,,,,,,
WAFFLEIRON,W,AA,F,AH,L,AY,ER,N,,,,,,
WICK,W,IH,K,,,,,,,,,,,
WHALE,W,EY,L,,,,,,,,,,,
GRAHAMCRACKER,G,R,EY,AH,M,K,R,AE,K,ER,,,,
BAGPIPES,B,AE,G,P,AY,P,S,,,,,,,
BRAKE,B,R,EY,K,,,,,,,,,,
CHILD,CH,AY,L,D,,,,,,,,,,
COACH,K,OW,CH,,,,,,,,,,,
CREEK,K,R,IY,K,,,,,,,,,,
CARKEYS,K,AA,R,K,IY,Z,,,,,,,,
DRAIN,D,R,EY,N,,,,,,,,,,
DRUMMER,D,R,AH,M,ER,,,,,,,,,
FIST,F,IH,S,T,,,,,,,,,,
FORKLIFT,F,AO,R,K,L,IH,F,T,,,,,,
FLOCK,F,L,AA,K,,,,,,,,,,
HAYSTACK,HH,EY,S,T,AE,K,,,,,,,,
HAMPER,HH,AE,M,P,ER,,,,,,,,,
INCUBATOR,IH,NG,K,Y,AH,B,EY,T,ER,,,,,
LEATHER,L,EH,DH,ER,,,,,,,,,,
LIFEGUARD,L,AY,F,G,AA,R,D,,,,,,,
MEERKAT,M,IH,R,K,AH,T,,,,,,,,
MUSSEL,M,AH,S,AH,L,,,,,,,,,
PEDAL,P,EH,D,AH,L,,,,,,,,,
RECEPTIONIST,R,IH,S,EH,P,SH,AH,N,IH,S,T,,,
RECYCLINGBIN,R,IY,S,IY,K,L,IH,NG,B,IH,N,,,
RIVER,R,IH,V,ER,,,,,,,,,,
RAM,R,AE,M,,,,,,,,,,,
RUBY,R,UW,B,IY,,,,,,,,,,
SOUP,S,UW,P,,,,,,,,,,,
SALAMANDER,S,AE,L,AH,M,AE,N,D,ER,,,,,
SHUTTER,SH,AH,T,ER,,,,,,,,,,
SILK,S,IH,L,K,,,,,,,,,,
STRIPES,S,T,R,AY,P,S,,,,,,,,
STEAM,S,T,IY,M,,,,,,,,,,
STORE,S,T,AO,R,,,,,,,,,,
TIGHTROPEWALKER,T,AY,T,R,OW,P,W,AO,K,ER,,,,
TAPEMEASURE,T,EY,P,M,EH,ZH,ER,,,,,,,
TRAFFIC,T,R,AE,F,IH,K,,,,,,,,
TAXI,T,AE,K,S,IY,,,,,,,,,
VIOLET,V,AY,AH,L,IH,T,,,,,,,,
WASTEBASKET,W,EY,S,T,B,AE,S,K,AH,T,,,,
AXLE,AE,K,S,AH,L,,,,,,,,,
BLACK,B,L,AE,K,,,,,,,,,,
BAKER,B,EY,K,ER,,,,,,,,,,
BEEF,B,IY,F,,,,,,,,,,,
BONNET,B,AA,N,AH,T,,,,,,,,,
CAPE,K,EY,P,,,,,,,,,,,
CANDELABRA,K,AE,N,D,AH,L,AA,B,R,AH,,,,
CLASSROOM,K,L,AE,S,R,UW,M,,,,,,,
CARD,K,AA,R,D,,,,,,,,,,
CUBE,K,Y,UW,B,,,,,,,,,,
DOILY,D,OY,L,IY,,,,,,,,,,
DESKTOP,D,EH,S,K,T,AA,P,,,,,,,
FIDDLE,F,IH,D,AH,L,,,,,,,,,
FLOOD,F,L,AH,D,,,,,,,,,,
FENCING,F,EH,N,S,IH,NG,,,,,,,,
GLUE,G,L,UW,,,,,,,,,,,
HEATER,HH,IY,T,ER,,,,,,,,,,
HOOP,HH,UW,P,,,,,,,,,,,
JEEP,JH,IY,P,,,,,,,,,,,
LAPEL,L,AH,P,EH,L,,,,,,,,,
LOCKET,L,AA,K,IH,T,,,,,,,,,
LEVEL,L,EH,V,AH,L,,,,,,,,,
LAKE,L,EY,K,,,,,,,,,,,
MIME,M,AY,M,,,,,,,,,,,
MINER,M,AY,N,ER,,,,,,,,,,
MEAL,M,IY,L,,,,,,,,,,,
MAKEUP,M,EY,K,AH,P,,,,,,,,,
NOODLES,N,UW,D,AH,L,Z,,,,,,,,
PUSH-UP,P,UH,SH,AH,P,,,,,,,,,
PASTA,P,AA,S,T,AH,,,,,,,,,
PEPPERONI,P,EH,P,ER,OW,N,IY,,,,,,,
PIANOPLAYER,P,IY,AE,N,OW,P,L,EY,ER,,,,,
PETAL,P,EH,T,AH,L,,,,,,,,,
PUDDLE,P,AH,D,AH,L,,,,,,,,,
PANTHER,P,AE,N,TH,ER,,,,,,,,,
PLAID,P,L,AE,D,,,,,,,,,,
PLANK,P,L,AE,NG,K,,,,,,,,,
PALM,P,AA,M,,,,,,,,,,,
RADIATOR,R,EY,D,IY,EY,T,ER,,,,,,,
RECEIPT,R,IH,S,IY,T,,,,,,,,,
RAINCOAT,R,EY,N,K,OW,T,,,,,,,,
SALTSHAKER,S,AO,L,T,SH,EY,K,ER,,,,,,
SPARKLER,S,P,AA,R,K,AH,L,ER,,,,,,
SATELLITE,S,AE,T,AH,L,AY,T,,,,,,,
TARP,T,AA,R,P,,,,,,,,,,
TICTACTOE,T,IH,K,T,AE,K,T,OW,,,,,,
THORNS,TH,AO,R,N,Z,,,,,,,,,
THEATER,TH,IY,EY,T,ER,,,,,,,,,
THRONE,TH,R,OW,N,,,,,,,,,,
TAILPIPE,T,EY,L,P,AY,P,,,,,,,,
TRACK,T,R,AE,K,,,,,,,,,,
TWINS,T,W,IH,N,Z,,,,,,,,,
WINEBOTTLE,W,AY,N,B,AA,T,AH,L,,,,,,
GUM,G,AH,M,,,,,,,,,,,
BANDANA,B,AE,N,D,AE,N,AH,,,,,,,
CABINET,K,AE,B,AH,N,AH,T,,,,,,,
CASHIER,K,AE,SH,IH,R,,,,,,,,,
CELLAR,S,EH,L,ER,,,,,,,,,,
FINGERTIPS,F,IH,NG,G,ER,T,IH,P,S,,,,,
FARMHOUSE,F,AA,R,M,HH,AW,S,,,,,,,
GRATE,G,R,EY,T,,,,,,,,,,
IGNITION,IH,G,N,IH,SH,AH,N,,,,,,,
LOTTERYTICKET,L,AA,T,AH,R,IY,T,IH,K,AH,T,,,
PEEL,P,IY,L,,,,,,,,,,,
RUNNER,R,AH,N,ER,,,,,,,,,,
RED,R,EH,D,,,,,,,,,,,
STEEPLE,S,T,IY,P,AH,L,,,,,,,,
STOVETOP,S,T,OW,V,T,AA,P,,,,,,,
TATTOO,T,AE,T,UW,,,,,,,,,,
WATCHBAND,W,AA,CH,B,AE,N,D,,,,,,,
ALARMCLOCK,AH,L,AA,R,M,K,L,AA,K,,,,,
BADGER,B,AE,JH,ER,,,,,,,,,,
FLAKES,F,L,EY,K,S,,,,,,,,,
MAGICIAN,M,AH,JH,IH,SH,AH,N,,,,,,,
MOTEL,M,OW,T,EH,L,,,,,,,,,
PALACE,P,AE,L,AH,S,,,,,,,,,
TREADMILL,T,R,EH,D,M,IH,L,,,,,,,
VEST,V,EH,S,T,,,,,,,,,,
ACE,EY,S,,,,,,,,,,,,
BREAKFAST,B,R,EH,K,F,AH,S,T,,,,,,
CABLE,K,EY,B,AH,L,,,,,,,,,
CLAW,K,L,AO,,,,,,,,,,,
DENTURES,D,EH,N,CH,ER,Z,,,,,,,,
FAN,F,AE,N,,,,,,,,,,,
HAM,HH,AE,M,,,,,,,,,,,
LAMPSHADE,L,AE,M,P,SH,EY,D,,,,,,,
LEECH,L,IY,CH,,,,,,,,,,,
MAT,M,AE,T,,,,,,,,,,,
NINJA,N,IH,N,JH,AH,,,,,,,,,
PITA,P,IY,T,AH,,,,,,,,,,
PAINTING,P,EY,N,T,IH,NG,,,,,,,,
RAFT,R,AE,F,T,,,,,,,,,,
RICECAKE,R,AY,S,K,EY,K,,,,,,,,
RICE,R,AY,S,,,,,,,,,,,
RUST,R,AH,S,T,,,,,,,,,,
SMOOTHIE,S,M,UW,DH,IY,,,,,,,,,
SPARROW,S,P,EH,R,OW,,,,,,,,,
WHITE,W,AY,T,,,,,,,,,,,
BONGODRUMS,B,AA,NG,G,OW,D,R,AH,M,Z,,,,
DIVE,D,AY,V,,,,,,,,,,,
DUCTTAPE,D,AH,K,T,EY,P,,,,,,,,
JESTER,JH,EH,S,T,ER,,,,,,,,,
GEAR,G,IH,R,,,,,,,,,,,
NUGGETS,N,AH,G,AH,T,S,,,,,,,,
PICNIC,P,IH,K,N,IH,K,,,,,,,,
PRINCE,P,R,IH,N,S,,,,,,,,,
RACECAR,R,EY,S,K,AA,R,,,,,,,,
SNORKEL,S,N,AO,R,K,AH,L,,,,,,,
SOUPSPOON,S,UW,P,S,P,UW,N,,,,,,,
WIZARD,W,IH,Z,ER,D,,,,,,,,,
WALTZ,W,AO,L,T,S,,,,,,,,,
WEDDING,W,EH,D,IH,NG,,,,,,,,,
GOALIE,G,OW,L,IY,,,,,,,,,,
LABCOAT,L,AE,B,K,OW,T,,,,,,,,
POKER,P,OW,K,ER,,,,,,,,,,
PRETZEL,P,R,EH,T,Z,AH,L,,,,,,,
ANTHILL,AE,N,T,HH,IH,L,,,,,,,,
ATLAS,AE,T,L,AH,S,,,,,,,,,
CHIPS,CH,IH,P,S,,,,,,,,,,
CLIFF,K,L,IH,F,,,,,,,,,,
DRINK,D,R,IH,NG,K,,,,,,,,,
HALO,HH,EY,L,OW,,,,,,,,,,
HOOD,HH,UH,D,,,,,,,,,,,
JET,JH,EH,T,,,,,,,,,,,
PINETREE,P,AY,N,T,R,IY,,,,,,,,
PASSPORT,P,AE,S,P,AO,R,T,,,,,,,
PLAYGROUND,P,L,EY,G,R,AW,N,D,,,,,,
SCROLL,S,K,R,OW,L,,,,,,,,,
SCARECROW,S,K,AE,R,K,R,OW,,,,,,,
SHADOW,SH,AE,D,OW,,,,,,,,,,
RAMP,R,AE,M,P,,,,,,,,,,
COWGIRL,K,AW,G,ER,L,,,,,,,,,
MELON,M,EH,L,AH,N,,,,,,,,,
TANGERINE,T,AE,N,JH,ER,IY,N,,,,,,,
AIRPORT,EH,R,P,AO,R,T,,,,,,,,
BEETS,B,IY,T,S,,,,,,,,,,
BUCKLE,B,AH,K,AH,L,,,,,,,,,
BEACHBALL,B,IY,CH,B,AA,L,,,,,,,,
DART,D,AA,R,T,,,,,,,,,,
FIRESTATION,F,AY,ER,AH,S,T,EY,SH,AH,N,,,,
JEWELRY,JH,UW,AH,L,R,IY,,,,,,,,
JEWELRY(3),JH,UW,L,ER,IY,,,,,,,,,
GNOME,N,OW,M,,,,,,,,,,,
NUN,N,AH,N,,,,,,,,,,,
POODLE,P,UW,D,AH,L,,,,,,,,,
SLOTMACHINE,S,L,AA,T,M,AH,SH,IY,N,,,,,
SAND,S,AE,N,D,,,,,,,,,,
TEACUP,T,IY,K,AH,P,,,,,,,,,
TRAINCAR,T,R,EY,N,K,AA,R,,,,,,,
TRICYCLE,T,R,IH,S,IH,K,AH,L,,,,,,
WIRE,W,AY,ER,,,,,,,,,,,
YELLOW,Y,EH,L,OW,,,,,,,,,,
AIRCONDITIONER,EH,R,K,AH,N,D,IH,SH,AH,N,ER,,,
BAKERY,B,EY,K,ER,IY,,,,,,,,,
BLUE,B,L,UW,,,,,,,,,,,
BOAR,B,AO,R,,,,,,,,,,,
CANAL,K,AH,N,AE,L,,,,,,,,,
FOOTREST,F,UH,T,R,EH,S,T,,,,,,,
MARGARITA,M,AA,R,G,ER,IY,T,AH,,,,,,
PARKINGLOT,P,AA,R,K,IH,NG,L,AA,T,,,,,
RIFLE,R,AY,F,AH,L,,,,,,,,,
RAILROADCROSSING,R,EY,L,R,OW,D,K,R,AO,S,IH,NG,,
SALMON,S,AE,M,AH,N,,,,,,,,,
SINKHOLE,S,IH,NG,K,HH,OW,L,,,,,,,
SKYLIGHT,S,K,AY,L,AY,T,,,,,,,,
SLEEP,S,L,IY,P,,,,,,,,,,
SLEEVE,S,L,IY,V,,,,,,,,,,
STINGRAY,S,T,IH,NG,R,EY,,,,,,,,
STRETCH,S,T,R,EH,CH,,,,,,,,,
SALADBAR,S,AE,L,AH,D,B,AA,R,,,,,,
SWIMSUIT,S,W,IH,M,S,UW,T,,,,,,,
TUXEDO,T,AH,K,S,IY,D,OW,,,,,,,
TUTU,T,UW,T,UW,,,,,,,,,,
TRUFFLES,T,R,AH,F,AH,L,Z,,,,,,,
YOGURT,Y,OW,G,ER,T,,,,,,,,,
WEED,W,IY,D,,,,,,,,,,,
WALLPAPER,W,AO,L,P,EY,P,ER,,,,,,,
WEEDWACKER,W,IY,D,W,AE,K,AH,R,,,,,,
BULLDOZER,B,UH,L,D,OW,Z,ER,,,,,,,
BASS,B,AE,S,,,,,,,,,,,
BARBER,B,AA,R,B,ER,,,,,,,,,
BAND,B,AE,N,D,,,,,,,,,,
BRAID,B,R,EY,D,,,,,,,,,,
BATON,B,AH,T,AA,N,,,,,,,,,
BATON(3),B,AE,T,AH,N,,,,,,,,,
COT,K,AA,T,,,,,,,,,,,
DIAMOND,D,AY,M,AH,N,D,,,,,,,,
DRUMSTICK,D,R,AH,M,S,T,IH,K,,,,,,
EARBUDS,IH,ER,B,AH,D,Z,,,,,,,,
GLACIER,G,L,EY,SH,ER,,,,,,,,,
HALLWAY,HH,AO,L,W,EY,,,,,,,,,
HULAHOOP,HH,Y,UW,L,AH,HH,UW,P,,,,,,
HUG,HH,AH,G,,,,,,,,,,,
HOTDOG,HH,AA,T,D,AO,G,,,,,,,,
JELLY,JH,EH,L,IY,,,,,,,,,,
MARSHMALLOW,M,AA,R,SH,M,EH,L,OW,,,,,,
MURAL,M,Y,UH,R,AH,L,,,,,,,,
PIPES,P,AY,P,S,,,,,,,,,,
PILLOW,P,IH,L,OW,,,,,,,,,,
SHEET,SH,IY,T,,,,,,,,,,,
SCOOP,S,K,UW,P,,,,,,,,,,
SLOPE,S,L,OW,P,,,,,,,,,,
STUDY,S,T,AH,D,IY,,,,,,,,,
SWIMMER,S,W,IH,M,ER,,,,,,,,,
TEE,T,IY,,,,,,,,,,,,
UMPIRE,AH,M,P,AY,ER,,,,,,,,,
WARDROBE,W,AO,R,D,R,OW,B,,,,,,,
WILLOWTREE,W,IH,L,OW,T,R,IY,,,,,,,
BEEKEEPER,B,IY,K,IY,P,ER,,,,,,,,
MIMOSA,M,IH,M,OW,S,AH,,,,,,,,
JAVELIN,JH,AE,V,AH,L,AH,N,,,,,,,
JAVELIN(3),JH,AE,V,L,AH,N,,,,,,,,
JAVELIN(4),JH,AE,V,L,IH,N,,,,,,,,
CHEERLEADER,CH,IH,R,L,IY,D,ER,,,,,,,
MALLET,M,AE,L,IH,T,,,,,,,,,
SALUTE,S,AH,L,UW,T,,,,,,,,,
BONFIRE,B,AA,N,F,AY,ER,,,,,,,,
CALENDAR,K,AE,L,AH,N,D,ER,,,,,,,
DEFIBRILLATOR,D,IY,F,IH,B,R,IH,L,EY,T,ER,,,
BRACES,B,R,EY,S,AH,Z,,,,,,,,
GREYHOUND,G,R,EY,HH,AW,N,D,,,,,,,
GRUBS,G,R,AH,B,Z,,,,,,,,,
SLOTH,S,L,OW,TH,,,,,,,,,,
OTTER,AA,T,ER,,,,,,,,,,,
WASP,W,AA,S,P,,,,,,,,,,
SNAKE,S,N,EY,K,,,,,,,,,,
FLYSWATTER,F,L,AY,Z,W,AA,T,ER,,,,,,
PIGEON,P,IH,JH,AH,N,,,,,,,,,
ELK,EH,L,K,,,,,,,,,,,
MANATEE,M,AE,N,AH,T,IY,,,,,,,,
BRIDLE,B,R,AY,D,AH,L,,,,,,,,
VULTURE,V,AH,L,CH,ER,,,,,,,,,
HORNET,HH,AO,R,N,IH,T,,,,,,,,
GAZELLE,G,AH,Z,EH,L,,,,,,,,,
CHIMPANZEE,CH,IH,M,P,AE,N,Z,IY,,,,,,
BEETLE,B,IY,T,AH,L,,,,,,,,,
WARTHOG,W,AO,R,T,HH,AA,G,,,,,,,
WOMBAT,W,AA,M,B,AE,T,,,,,,,,
FROG,F,R,AA,G,,,,,,,,,,
HYENA,HH,AY,IY,N,AH,,,,,,,,,
EEL,IY,L,,,,,,,,,,,,
PONY,P,OW,N,IY,,,,,,,,,,
CRAWFISH,K,R,AO,F,IH,SH,,,,,,,,
BUFFALO,B,AH,F,AH,L,OW,,,,,,,,
COCKROACH,K,AA,K,R,OW,CH,,,,,,,,
HAMSTER,HH,AE,M,S,T,ER,,,,,,,,
ALBATROSS,AE,L,B,AH,T,R,AA,S,,,,,,
POLARBEAR,P,OW,L,ER,B,AE,ER,,,,,,,
COCKATIEL,K,AA,K,AH,T,IY,L,,,,,,,
PHEASANT,F,EH,Z,AH,N,T,,,,,,,,
FLAMINGO,F,L,AH,M,IH,NG,G,OW,,,,,,
FISH,F,IH,SH,,,,,,,,,,,
ANTEATER,AE,N,T,IY,T,ER,,,,,,,,
GROUNDHOG,G,R,AW,N,D,HH,AA,G,,,,,,
OPOSSUM,OW,P,AA,S,AH,M,,,,,,,,
ANTELOPE,AE,N,T,AH,L,OW,P,,,,,,,
CHICKADEE,CH,IH,K,EY,D,IY,,,,,,,,
TARANTULA,T,AH,R,AE,N,CH,UW,L,AH,,,,,
JELLYFISH,JH,EH,L,IY,F,IH,SH,,,,,,,
ALLIGATOR,AE,L,AH,G,EY,T,ER,,,,,,,
LAMB,L,AE,M,,,,,,,,,,,
CLAM,K,L,AE,M,,,,,,,,,,
RAT,R,AE,T,,,,,,,,,,,
GOOSE,G,UW,S,,,,,,,,,,,
IGUANA,IH,G,W,AA,N,AH,,,,,,,,
CENTAUR,S,EH,N,T,AO,R,,,,,,,,
PLATYPUS,P,L,AE,T,AH,P,UH,S,,,,,,
JACKAL,JH,AE,K,AH,L,,,,,,,,,
SLUG,S,L,AH,G,,,,,,,,,,
TUSK,T,AH,S,K,,,,,,,,,,
CALF,K,AE,F,,,,,,,,,,,
STOMACH,S,T,AH,M,AH,K,,,,,,,,
BEAK,B,IY,K,,,,,,,,,,,
WRIST,R,IH,S,T,,,,,,,,,,
MANE,M,EY,N,,,,,,,,,,,
CHIN,CH,IH,N,,,,,,,,,,,
TONGUE,T,AH,NG,,,,,,,,,,,
HEAD,HH,EH,D,,,,,,,,,,,
WHISKERS,W,IH,S,K,ER,Z,,,,,,,,
KNEE,N,IY,,,,,,,,,,,,
BONE,B,OW,N,,,,,,,,,,,
SNOUT,S,N,AW,T,,,,,,,,,,
HANDKERCHIEF,HH,AE,NG,K,ER,CH,IH,F,,,,,,
JAW,JH,AO,,,,,,,,,,,,
ELBOW,EH,L,B,OW,,,,,,,,,,
ANKLE,AE,NG,K,AH,L,,,,,,,,,
HORNS,HH,AO,R,N,Z,,,,,,,,,
SHALLOTS,SH,AE,L,AH,T,S,,,,,,,,
SPINACH,S,P,IH,N,AH,CH,,,,,,,,
MAYONNAISE,M,EY,AH,N,EY,Z,,,,,,,,
SOURCREAM,S,AW,ER,K,R,IY,M,,,,,,,
PLUM,P,L,AH,M,,,,,,,,,,
CHEESECAKE,CH,IY,Z,K,EY,K,,,,,,,,
MUFFIN,M,AH,F,AH,N,,,,,,,,,
BACON,B,EY,K,AH,N,,,,,,,,,
MILKSHAKE,M,IH,L,K,SH,EY,K,,,,,,,
GRAPEFRUIT,G,R,EY,P,F,R,UW,T,,,,,,
CABBAGE,K,AE,B,AH,JH,,,,,,,,,
ZUCCHINI,Z,UW,K,IY,N,IY,,,,,,,,
BEANS,B,IY,N,Z,,,,,,,,,,
GARLIC,G,AA,R,L,IH,K,,,,,,,,
LIME,L,AY,M,,,,,,,,,,,
APRICOT,EY,P,R,AH,K,AA,T,,,,,,,
SUNFLOWERSEEDS,S,AH,N,F,L,AW,ER,S,IY,D,Z,,,
LENTILS,L,EH,N,T,AH,L,Z,,,,,,,
LASAGNA,L,AA,S,AA,N,Y,AH,,,,,,,
TRAILMIX,T,R,EY,L,M,IH,K,S,,,,,,
JELLYBEANS,JH,EH,L,IY,B,IY,N,Z,,,,,,
TURNIP,T,ER,N,AH,P,,,,,,,,,
EGGPLANT,EH,G,P,L,AE,N,T,,,,,,,
PEPPER,P,EH,P,ER,,,,,,,,,,
CALZONE,K,AE,L,Z,OW,N,,,,,,,,
AVOCADO,AE,V,AH,K,AA,D,OW,,,,,,,
PANCAKES,P,AE,N,K,EY,K,S,,,,,,,
PECAN,P,AH,K,AA,N,,,,,,,,,
PECAN(3),P,IH,K,AE,N,,,,,,,,,
CANTALOUPE,K,AE,N,T,AH,L,OW,P,,,,,,
CORN,K,AO,R,N,,,,,,,,,,
LIQUOR,L,IH,K,ER,,,,,,,,,,
ROTISSERIE,R,OW,T,IH,S,ER,IY,,,,,,,
SHAMPOO,SH,AE,M,P,UW,,,,,,,,,
WALL,W,AO,L,,,,,,,,,,,
NIGHTSTAND,N,AY,T,S,T,AE,N,D,,,,,,
BEANBAGCHAIR,B,IY,N,B,AE,G,CH,EH,ER,,,,,
BOOKSHELF,B,UH,K,SH,EH,L,F,,,,,,,
TABLECLOTH,T,EY,B,AH,L,K,L,AO,TH,,,,,
CLOSET,K,L,AA,Z,AH,T,,,,,,,,
CUPBOARD,K,AH,B,ER,D,,,,,,,,,
GARAGEDOOR,G,AH,R,AA,ZH,D,OW,R,,,,,,
BIRDHOUSE,B,ER,D,HH,AW,S,,,,,,,,
CEILINGFAN,S,EH,L,IH,NG,F,AE,N,,,,,,
RECLINER,R,IH,K,L,AY,N,ER,,,,,,,
BASSINET,B,AE,S,AH,N,EH,T,,,,,,,
HAIRDRYER,HH,EH,R,D,R,AY,ER,,,,,,,
TOOLBELT,T,UW,L,B,EH,L,T,,,,,,,
SNOWBLOWER,S,N,OW,B,L,OW,ER,,,,,,,
DRIVEWAY,D,R,AY,V,W,EY,,,,,,,,
CURIO,K,Y,UH,R,IY,OW,,,,,,,,
DOORWAY,D,AO,R,W,EY,,,,,,,,,
JUKEBOX,JH,UW,K,B,AA,K,S,,,,,,,
DISHWASHER,D,IH,SH,W,AA,SH,ER,,,,,,,
FOOTSTOOL,F,UH,T,S,T,UW,L,,,,,,,
CANOPY,K,AE,N,AH,P,IY,,,,,,,,
CARPET,K,AA,R,P,AH,T,,,,,,,,
VAULT,V,AO,L,T,,,,,,,,,,
CROSSSTITCH,K,R,AO,S,T,IH,CH,,,,,,,
CONDITIONER,K,AH,N,D,IH,SH,AH,N,ER,,,,,
WASHCLOTH,W,AA,SH,K,L,AO,TH,,,,,,,
HANDRAIL,HH,AE,N,D,R,EY,L,,,,,,,
DESKCHAIR,D,EH,S,K,CH,EH,ER,,,,,,,
GRIDDLE,G,R,IH,D,AH,L,,,,,,,,
CAMCORDER,K,AE,M,K,AO,R,D,ER,,,,,,
MICROWAVE,M,AY,K,R,AH,W,EY,V,,,,,,
DUMPSTER,D,AH,M,P,S,T,ER,,,,,,,
FILM,F,IH,L,M,,,,,,,,,,
SPONGE,S,P,AH,N,JH,,,,,,,,,
DRYER,D,R,AY,ER,,,,,,,,,,
CIGAR,S,IH,G,AA,R,,,,,,,,,
RATTLE,R,AE,T,AH,L,,,,,,,,,
CONTAINER,K,AH,N,T,EY,N,ER,,,,,,,
DOLLY,D,AA,L,IY,,,,,,,,,,
TOTEBAG,T,OW,T,B,AE,G,,,,,,,,
JAIL,JH,EY,L,,,,,,,,,,,
MEASURINGCUP,M,EH,ZH,ER,IH,NG,K,AH,P,,,,,
WASHBOARD,W,AA,SH,B,AO,R,D,,,,,,,
BOTTLECAP,B,AA,T,AH,L,K,AE,P,,,,,,
SAUCER,S,AO,S,ER,,,,,,,,,,
NICKEL,N,IH,K,AH,L,,,,,,,,,
SHOPVAC,SH,AA,P,V,AH,K,,,,,,,,
BATHROOM,B,AE,TH,R,UW,M,,,,,,,,
BANNER,B,AE,N,ER,,,,,,,,,,
OILCAN,OY,L,K,AE,N,,,,,,,,,
PROJECTOR,P,R,AA,JH,EH,K,T,ER,,,,,,
CLOTHES,K,L,OW,DH,Z,,,,,,,,,
RACK,R,AE,K,,,,,,,,,,,
LID,L,IH,D,,,,,,,,,,,
COLANDER,K,AA,L,AH,N,D,ER,,,,,,,
TORCH,T,AO,R,CH,,,,,,,,,,
POWERSTRIP,P,AW,ER,S,T,R,IH,P,,,,,,
BOLT,B,OW,L,T,,,,,,,,,,
CIGARETTE,S,IH,G,AH,R,EH,T,,,,,,,
WHISK,W,IH,S,K,,,,,,,,,,
PLUNGER,P,L,AH,N,JH,ER,,,,,,,,
POISON,P,OY,Z,AH,N,,,,,,,,,
SYRINGE,S,ER,IH,N,JH,,,,,,,,,
WOK,W,AA,K,,,,,,,,,,,
INK,IH,NG,K,,,,,,,,,,,
BARRETTE,B,ER,EH,T,,,,,,,,,,
TEXTBOOK,T,EH,K,S,T,B,UH,K,,,,,,
SCULPTURE,S,K,AH,L,P,CH,ER,,,,,,,
CREDITCARD,K,R,EH,D,AH,T,K,AA,R,D,,,,
GLASS,G,L,AE,S,,,,,,,,,,
TABLE,T,EY,B,AH,L,,,,,,,,,
SOCKET,S,AA,K,AH,T,,,,,,,,,
CASSEROLEDISH,K,AE,S,AH,R,AA,L,AH,D,AH,SH,,,
SPEAKER,S,P,IY,K,ER,,,,,,,,,
SHAVINGCREAM,SH,EY,V,IH,NG,K,R,IY,M,,,,,
GRATER,G,R,EY,T,ER,,,,,,,,,
FABRIC,F,AE,B,R,IH,K,,,,,,,,
CORER,K,OW,R,ER,,,,,,,,,,
FANNYPACK,F,AE,N,IY,P,AE,K,,,,,,,
STAPLES,S,T,EY,P,AH,L,Z,,,,,,,
COFFEEPRESS,K,AO,F,IY,P,R,EH,S,,,,,,
LUNCHBOX,L,AH,N,CH,B,AA,K,S,,,,,,
PINCUSHION,P,IH,N,K,UH,SH,AH,N,,,,,,
CLOTH,K,L,AO,TH,,,,,,,,,,
FLOSS,F,L,AA,S,,,,,,,,,,
GARBAGEBAG,G,AA,R,B,IH,JH,B,AE,G,,,,,
NAILCLIPPERS,N,EY,L,K,L,IH,P,ER,Z,,,,,
SPRINKLER,S,P,R,IH,NG,K,L,ER,,,,,,
CHARCOAL,CH,AA,R,K,OW,L,,,,,,,,
DECK,D,EH,K,,,,,,,,,,,
TICKETBOOTH,T,IH,K,AH,T,B,UW,TH,,,,,,
TIARA,T,IY,AA,R,AH,,,,,,,,,
BRIDGE,B,R,IH,JH,,,,,,,,,,
PARKINGMETER,P,AA,R,K,IH,NG,M,IY,T,ER,,,,
BIRDBATH,B,ER,D,B,AE,TH,,,,,,,,
TOMB,T,UW,M,,,,,,,,,,,
ESKIMO,EH,S,K,AH,M,OW,,,,,,,,
OCEAN,OW,SH,AH,N,,,,,,,,,,
WATERSLIDE,W,AO,T,ER,S,L,AY,D,,,,,,
CONDUCTOR,K,AH,N,D,AH,K,T,ER,,,,,,
SIDEWALK,S,AY,D,W,AO,K,,,,,,,,
COLUMN,K,AA,L,AH,M,,,,,,,,,
YIELDSIGN,Y,IY,L,D,S,AY,N,,,,,,,
LEAN-TO,L,IY,N,T,UW,,,,,,,,,
SOLARPANEL,S,OW,L,ER,P,AE,N,AH,L,,,,,
ORGAN,AO,R,G,AH,N,,,,,,,,,
UKULELE,Y,UW,K,AH,L,EY,L,IY,,,,,,
MANDOLIN,M,AE,N,D,AH,L,IH,N,,,,,,
SINGER,S,IH,NG,ER,,,,,,,,,,
PIANO,P,IY,AE,N,OW,,,,,,,,,
TILLER,T,IH,L,ER,,,,,,,,,,
CYMBALS,S,IH,M,B,AH,L,Z,,,,,,,
HARMONICA,HH,AA,R,M,AA,N,IH,K,AH,,,,,
CHESTNUT,CH,EH,S,N,AH,T,,,,,,,,
LEAF,L,IY,F,,,,,,,,,,,
SANDDUNES,S,AE,N,D,UW,N,Z,,,,,,,
SUN,S,AH,N,,,,,,,,,,,
TUMBLEWEED,T,AH,M,B,AH,L,W,IY,D,,,,,
ASHES,AE,SH,IH,Z,,,,,,,,,,
MULCH,M,AH,L,CH,,,,,,,,,,
TORNADO,T,AO,R,N,EY,D,OW,,,,,,,
MOSS,M,AO,S,,,,,,,,,,,
EARTH,ER,TH,,,,,,,,,,,,
BIRDFEEDER,B,ER,D,F,IY,D,ER,,,,,,,
APPLETREE,AE,P,AH,L,T,R,IY,,,,,,,
FOREST,F,AO,R,AH,S,T,,,,,,,,
SNOW,S,N,OW,,,,,,,,,,,
POTOFGOLD,P,AA,T,AH,F,G,OW,L,D,,,,,
PEBBLE,P,EH,B,AH,L,,,,,,,,,
HYDRANGEA,HH,IH,D,R,AE,N,JH,IY,AH,,,,,
SOOT,S,UH,T,,,,,,,,,,,
WASPNEST,W,AA,S,P,N,EH,S,T,,,,,,
TILE,T,AY,L,,,,,,,,,,,
TOYCAR,T,OY,K,AA,R,,,,,,,,,
NURSE,N,ER,S,,,,,,,,,,,
SCIENTIST,S,AY,AH,N,T,IH,S,T,,,,,,
FAIRY,F,EH,R,IY,,,,,,,,,,
TEDDYBEAR,T,EH,D,IY,B,AE,ER,,,,,,,
ARMOR,AA,R,M,ER,,,,,,,,,,
TEACHER,T,IY,CH,ER,,,,,,,,,,
CHOIR,K,W,AY,ER,,,,,,,,,,
TABLET,T,AE,B,L,AH,T,,,,,,,,
ELF,EH,L,F,,,,,,,,,,,
AMMUNITION,AE,M,Y,AH,N,IH,SH,AH,N,,,,,
BUFFET,B,AH,F,AH,T,,,,,,,,,
JACK-O-LANTERN,JH,AE,K,OW,L,AE,N,T,ER,N,,,,
CURLINGIRON,K,ER,L,IH,NG,AY,ER,N,,,,,,
HOLSTER,HH,OW,L,S,T,ER,,,,,,,,
MASCARA,M,AE,S,K,EH,R,AH,,,,,,,
GIFTBAG,G,IH,F,T,B,AE,G,,,,,,,
WRAPPINGPAPER,R,AE,P,IH,NG,P,EY,P,ER,,,,,
WEIGHT,W,EY,T,,,,,,,,,,,
MACHETE,M,AH,SH,EH,T,IY,,,,,,,,
TELEPHONEWIRE,T,EH,L,AH,F,OW,N,W,AY,ER,,,,
WIRECUTTERS,W,AY,ER,K,AH,T,ER,Z,,,,,,
BIT,B,IH,T,,,,,,,,,,,
JOINT,JH,OY,N,T,,,,,,,,,,
SEED,S,IY,D,,,,,,,,,,,
LUGWRENCH,L,AH,G,R,EH,N,CH,,,,,,,
COLOREDPENCILS,K,AH,L,ER,D,P,EH,N,S,AH,L,Z,,
CANVAS,K,AE,N,V,AH,S,,,,,,,,
CROWBAR,K,R,OW,B,AA,R,,,,,,,,
ALLENWRENCH,AO,L,AH,N,R,EH,N,CH,,,,,,
TOOLBOX,T,UW,L,B,AO,K,S,,,,,,,
TROWEL,T,R,AW,W,EH,L,,,,,,,,
SICKLE,S,IH,K,AH,L,,,,,,,,,
BOTTLEOPENER,B,AA,T,AH,L,OW,P,AH,N,ER,,,,
COMPASS,K,AH,M,P,AH,S,,,,,,,,
PERISCOPE,P,EH,R,AH,S,K,OW,P,,,,,,
BULLET,B,UH,L,AH,T,,,,,,,,,
CELLOPHANE,S,EH,L,AH,F,EY,N,,,,,,,
WHISKEY,W,IH,S,K,IY,,,,,,,,,
GRENADE,G,R,AH,N,EY,D,,,,,,,,
RUBBERDUCK,R,AH,B,ER,D,AH,K,,,,,,,
FISHINGBOB,F,IH,SH,IH,NG,B,AA,B,,,,,,
PUNCHINGBAG,P,AH,N,CH,IH,NG,B,AE,G,,,,,
TIRESWING,T,AY,ER,S,W,IH,NG,,,,,,,
HARNESS,HH,AA,R,N,AH,S,,,,,,,,
CHECKERS,CH,EH,K,ER,Z,,,,,,,,,
MARBLE,M,AA,R,B,AH,L,,,,,,,,
FLAIL,F,L,EY,L,,,,,,,,,,
GOLFCLUB,G,AA,L,F,K,L,AH,B,,,,,,
TVSTAND,T,V,S,T,AE,N,D,,,,,,,
PLAQUE,P,L,AE,K,,,,,,,,,,
NUNCHUCKS,N,AH,N,CH,AH,K,S,,,,,,,
FRISBEE,F,R,IH,S,B,IY,,,,,,,,
FERRY,F,EH,R,IY,,,,,,,,,,
CARRIAGE,K,AE,R,IH,JH,,,,,,,,,
HOTAIRBALLOON,HH,AA,T,EH,R,B,AH,L,UW,N,,,,
ATV,AE,T,V,,,,,,,,,,,
SURFBOARD,S,ER,F,B,AO,R,D,,,,,,,
POLICECAR,P,AH,L,IY,S,K,AA,R,,,,,,
TRACTORTRAILER,T,R,AE,K,T,ER,T,R,EY,L,ER,,,
LIFEVEST,L,AY,F,V,EH,S,T,,,,,,,
PLANET,P,L,AE,N,AH,T,,,,,,,,
POGOSTICK,P,AH,G,AA,S,T,AH,K,,,,,,
CRUISESHIP,K,R,UW,Z,SH,IH,P,,,,,,,
MONKEYBARS,M,AH,NG,K,IY,B,AA,R,Z,,,,,
WAGON,W,AE,G,AH,N,,,,,,,,,
SKILIFT,S,K,IY,L,IH,F,T,,,,,,,
HOPSCOTCH,HH,AA,P,S,K,AA,CH,,,,,,,
WINDSHIELD,W,IH,N,D,SH,IY,L,D,,,,,,
CARSEAT,K,AA,R,S,IY,T,,,,,,,,
BATTLESHIP,B,AE,T,AH,L,SH,IH,P,,,,,,
JUNGLEGYM,JH,AH,N,G,L,AH,JH,AH,M,,,,,
DRONE,D,R,OW,N,,,,,,,,,,
INNERTUBE,IH,N,ER,T,UW,B,,,,,,,,
SUBWAY,S,AH,B,W,EY,,,,,,,,,
TRAPEZE,T,R,AH,P,IY,Z,,,,,,,,
FENDER,F,EH,N,D,ER,,,,,,,,,
SHED,SH,EH,D,,,,,,,,,,,
HOSPITAL,HH,AA,S,P,IH,T,AH,L,,,,,,
PENCILCASE,P,EH,N,S,AH,L,K,EY,S,,,,,
LICENSE,L,AY,S,AH,N,S,,,,,,,,
CAST,K,AE,S,T,,,,,,,,,,
SASH,S,AE,SH,,,,,,,,,,,
UNDERWEAR,AH,N,D,ER,W,EH,R,,,,,,,
DIAL,D,AY,AH,L,,,,,,,,,,
SCARF,S,K,AA,R,F,,,,,,,,,
ONESIE,W,AH,N,Z,IY,,,,,,,,,
HIGHHEEL,HH,AY,HH,IY,L,,,,,,,,,
BRACELET,B,R,EY,S,L,AH,T,,,,,,,
HEARINGAID,HH,IH,ER,IH,NG,EY,D,,,,,,,
CELL,S,EH,L,,,,,,,,,,,
EARMUFFS,IH,R,M,AH,F,S,,,,,,,,
LACES,L,EY,S,AH,Z,,,,,,,,,
SHIELD,SH,IY,L,D,,,,,,,,,,
COATRACK,K,OW,AH,T,R,AE,K,,,,,,,
GOGGLES,G,AA,G,AH,L,Z,,,,,,,,
FINISHLINE,F,IH,N,IH,SH,L,AY,N,,,,,,
SUSPENDERS,S,AH,S,P,EH,N,D,ER,Z,,,,,
MONEY,M,AH,N,IY,,,,,,,,,,
ROBE,R,OW,B,,,,,,,,,,,
BLOUSE,B,L,AW,S,,,,,,,,,,
SNEAKER,S,N,IY,K,ER,,,,,,,,,
CHRISTMASTREE,K,R,IH,S,T,M,AH,S,T,R,IY,IY,,
QUILT,K,W,IH,L,T,,,,,,,,,
CUFFLINKS,K,AH,F,L,IH,NG,K,S,,,,,,
RAINBOOTS,R,EY,N,B,UW,T,S,,,,,,,
MONEYCLIP,M,AH,N,IY,K,L,IH,P,,,,,,
GRANDFATHERCLOCK,G,R,AE,N,D,F,AA,DH,ER,K,L,AA,K,
CHAUFFEUR,SH,OW,F,ER,,,,,,,,,,
POINSETTIA,P,OY,N,S,EH,T,IY,AH,,,,,,
SLEDGEHAMMER,S,L,EH,JH,HH,AE,M,ER,,,,,,
WASABI,W,AA,S,AH,B,IY,,,,,,,,
TOTEMPOLE,T,AA,T,IH,M,P,OW,L,,,,,,
GUACAMOLE,G,W,AA,K,AH,M,OW,L,IY,,,,,
KNEEPADS,N,IY,P,AE,D,Z,,,,,,,,
WETSUIT,W,EH,T,S,UW,T,,,,,,,,
CROSSBOW,K,R,AO,S,B,OW,,,,,,,,
CENTERPIECE,S,EH,N,T,ER,P,IY,S,,,,,,
FONDUE,F,AA,N,D,Y,UW,,,,,,,,
BARBECUE,B,AA,R,B,IH,K,Y,UW,,,,,,
BRUSH,B,R,AH,SH,,,,,,,,,,
TELEPHONE,T,EH,L,AH,F,OW,N,,,,,,,
GUITAR,G,IH,T,AA,R,,,,,,,,,
ANT,AE,N,T,,,,,,,,,,,
CRAB,K,R,AE,B,,,,,,,,,,
TIGER,T,AY,G,ER,,,,,,,,,,
CAR,K,AA,R,,,,,,,,,,,
HAMBURGER,HH,AE,M,B,ER,G,ER,,,,,,,
STRAWBERRY,S,T,R,AO,B,EH,R,IY,,,,,,
BOOT,B,UW,T,,,,,,,,,,,
ANCHOR,AE,NG,K,ER,,,,,,,,,,
BED,B,EH,D,,,,,,,,,,,
BENCH,B,EH,N,CH,,,,,,,,,,
CHAIR,CH,EH,R,,,,,,,,,,,
CHIMNEY,CH,IH,M,N,IY,,,,,,,,,
DESK,D,EH,S,K,,,,,,,,,,
DOOR,D,AO,R,,,,,,,,,,,
LAMP,L,AE,M,P,,,,,,,,,,
TOILET,T,OY,L,AH,T,,,,,,,,,
BASKET,B,AE,S,K,AH,T,,,,,,,,
BOOK,B,UH,K,,,,,,,,,,,
BOWL,B,OW,L,,,,,,,,,,,
BROOM,B,R,UW,M,,,,,,,,,,
CAMERA,K,AE,M,ER,AH,,,,,,,,,
CAN,K,AE,N,,,,,,,,,,,
CANDLE,K,AE,N,D,AH,L,,,,,,,,
CLOCK,K,L,AA,K,,,,,,,,,,
COMB,K,OW,M,,,,,,,,,,,
FLASHLIGHT,F,L,AE,SH,L,AY,T,,,,,,,
FORK,F,AO,R,K,,,,,,,,,,
KEY,K,IY,,,,,,,,,,,,
KNIFE,N,AY,F,,,,,,,,,,,
PEN,P,EH,N,,,,,,,,,,,
PENCIL,P,EH,N,S,AH,L,,,,,,,,
PIPE,P,AY,P,,,,,,,,,,,
RAKE,R,EY,K,,,,,,,,,,,
RULER,R,UW,L,ER,,,,,,,,,,
SCALE,S,K,EY,L,,,,,,,,,,
SCISSORS,S,IH,Z,ER,Z,,,,,,,,,
SPOON,S,P,UW,N,,,,,,,,,,
CHURCH,CH,ER,CH,,,,,,,,,,,
CROSS,K,R,AO,S,,,,,,,,,,
HOUSE,HH,AW,S,,,,,,,,,,,
PYRAMID,P,IH,R,AH,M,IH,D,,,,,,,
TENT,T,EH,N,T,,,,,,,,,,
WELL,W,EH,L,,,,,,,,,,,
CANNON,K,AE,N,AH,N,,,,,,,,,
DRUM,D,R,AH,M,,,,,,,,,,
HARP,HH,AA,R,P,,,,,,,,,,
WHISTLE,W,IH,S,AH,L,,,,,,,,,
HAMMER,HH,AE,M,ER,,,,,,,,,,
HOSE,HH,OW,Z,,,,,,,,,,,
NAIL,N,EY,L,,,,,,,,,,,
ROPE,R,OW,P,,,,,,,,,,,
SAW,S,AO,,,,,,,,,,,,
MICROSCOPE,M,AY,K,R,AH,S,K,OW,P,,,,,
STETHOSCOPE,S,T,EH,TH,AH,S,K,OW,P,,,,,
BALL,B,AO,L,,,,,,,,,,,
BALLOON,B,AH,L,UW,N,,,,,,,,,
BELL,B,EH,L,,,,,,,,,,,
BINOCULARS,B,AH,N,AA,K,Y,AH,L,ER,Z,,,,
FOOTBALL,F,UH,T,B,AO,L,,,,,,,,
KITE,K,AY,T,,,,,,,,,,,
SADDLE,S,AE,D,AH,L,,,,,,,,,
TOP,T,AA,P,,,,,,,,,,,
BABY,B,EY,B,IY,,,,,,,,,,
CLOWN,K,L,AW,N,,,,,,,,,,
COWBOY,K,AW,B,OY,,,,,,,,,,
FIREMAN,F,AY,R,M,AH,N,,,,,,,,
GHOST,G,OW,S,T,,,,,,,,,,
KING,K,IH,NG,,,,,,,,,,,
MAN,M,AE,N,,,,,,,,,,,
PIRATE,P,AY,R,AH,T,,,,,,,,,
QUEEN,K,W,IY,N,,,,,,,,,,
SAILOR,S,EY,L,ER,,,,,,,,,,
BAT,B,AE,T,,,,,,,,,,,
BUTTERFLY,B,AH,T,ER,F,L,AY,,,,,,,
CAMEL,K,AE,M,AH,L,,,,,,,,,
CAT,K,AE,T,,,,,,,,,,,
COW,K,AW,,,,,,,,,,,,
DOG,D,AO,G,,,,,,,,,,,
DRAGON,D,R,AE,G,AH,N,,,,,,,,
DUCK,D,AH,K,,,,,,,,,,,
ELEPHANT,EH,L,AH,F,AH,N,T,,,,,,,
GOAT,G,OW,T,,,,,,,,,,,
HORSE,HH,AO,R,S,,,,,,,,,,
LION,L,AY,AH,N,,,,,,,,,,
MONKEY,M,AH,NG,K,IY,,,,,,,,,
OCTOPUS,AA,K,T,AH,P,UH,S,,,,,,,
OWL,AW,L,,,,,,,,,,,,
PIG,P,IH,G,,,,,,,,,,,
SEAL,S,IY,L,,,,,,,,,,,
SNAIL,S,N,EY,L,,,,,,,,,,
SPIDER,S,P,AY,D,ER,,,,,,,,,
SQUIRREL,S,K,W,ER,AH,L,,,,,,,,
TURKEY,T,ER,K,IY,,,,,,,,,,
ZEBRA,Z,IY,B,R,AH,,,,,,,,,
BEARD,B,IH,R,D,,,,,,,,,,
EAR,IY,R,,,,,,,,,,,,
EYE,AY,,,,,,,,,,,,,
FOOT,F,UH,T,,,,,,,,,,,
HAIR,HH,EH,R,,,,,,,,,,,
HAND,HH,AE,N,D,,,,,,,,,,
HEART,HH,AA,R,T,,,,,,,,,,
NOSE,N,OW,Z,,,,,,,,,,,
WIG,W,IH,G,,,,,,,,,,,
BUS,B,AH,S,,,,,,,,,,,
HELICOPTER,HH,EH,L,IH,K,AA,P,T,ER,,,,,
SKIS,S,K,IY,Z,,,,,,,,,,
TRACTOR,T,R,AE,K,T,ER,,,,,,,,
TRAIN,T,R,EY,N,,,,,,,,,,
APPLE,AE,P,AH,L,,,,,,,,,,
BANANA,B,AH,N,AE,N,AH,,,,,,,,
BREAD,B,R,EH,D,,,,,,,,,,
CAKE,K,EY,K,,,,,,,,,,,
CARROT,K,AE,R,AH,T,,,,,,,,,
CELERY,S,EH,L,ER,IY,,,,,,,,,
GRAPES,G,R,EY,P,S,,,,,,,,,
PEAR,P,EH,R,,,,,,,,,,,
PUMPKIN,P,AH,M,P,K,IH,N,,,,,,,
SANDWICH,S,AE,N,D,W,IH,CH,,,,,,,
SANDWICH(3),S,AE,M,W,IH,CH,,,,,,,,
BELT,B,EH,L,T,,,,,,,,,,
CANE,K,EY,N,,,,,,,,,,,
CROWN,K,R,AW,N,,,,,,,,,,
GLOVE,G,L,AH,V,,,,,,,,,,
NECKLACE,N,EH,K,L,AH,S,,,,,,,,
RING,R,IH,NG,,,,,,,,,,,
SHOE,SH,UW,,,,,,,,,,,,
SOCK,S,AA,K,,,,,,,,,,,
ZIPPER,Z,IH,P,ER,,,,,,,,,,
LETTER,L,EH,T,ER,,,,,,,,,,
MAP,M,AE,P,,,,,,,,,,,
FLOWER,F,L,AW,ER,,,,,,,,,,
MOUNTAIN,M,AW,N,T,AH,N,,,,,,,,
TREE,T,R,IY,,,,,,,,,,,
VOLCANO,V,AA,L,K,EY,N,OW,,,,,,,
