ant,AE,N,T,,,,,,,,
bear,B,EH,R,,,,,,,,
beaver,B,IY,V,ER,,,,,,,
bee,B,IY,,,,,,,,,
bird,B,ER,D,,,,,,,,
bug,B,AH,G,,,,,,,,
chicken,CH,IH,K,AH,N,,,,,,
deer,D,IH,R,,,,,,,,
dolphin,D,AA,L,F,AH,N,,,,,
donkey,D,AA,NG,K,IY,,,,,,
eagle,IY,G,AH,L,,,,,,,
fly,F,L,AY,,,,,,,,
giraffe,JH,ER,AE,F,,,,,,,
gorilla,G,ER,IH,L,AH,,,,,,
grasshopper,G,R,AE,S,HH,AA,P,ER,,,
hippo,HH,IH,P,OW,,,,,,,
kangaroo,K,AE,NG,G,ER,UW,,,,,
ladybug,L,EY,D,IY,B,AH,G,,,,
leopard,L,EH,P,ER,D,,,,,,
lizard,L,IH,Z,ER,D,,,,,,
llama,L,AA,M,AH,,,,,,,
lobster,L,AA,B,S,T,ER,,,,,
moose,M,UW,S,,,,,,,,
mosquito,M,AH,S,K,IY,T,OW,,,,
mouse,M,AW,S,,,,,,,,
ostrich,AO,S,T,R,IH,CH,,,,,
panda,P,AE,N,D,AH,,,,,,
parrot,P,EH,R,AH,T,,,,,,
peacock,P,IY,K,AA,K,,,,,,
pelican,P,EH,L,AH,K,AH,N,,,,
penguin,P,EH,NG,G,W,AH,N,,,,
porcupine,P,AO,R,K,Y,AH,P,AY,N,,
rabbit,R,AE,B,AH,T,,,,,,
raccoon,R,AE,K,UW,N,,,,,,
rhinoceros,R,AY,N,AA,S,ER,AH,S,,,
rooster,R,UW,S,T,ER,,,,,,
scorpion,S,K,AO,R,P,IY,AH,N,,,
seahorse,S,IY,HH,AO,R,S,,,,,
shark,SH,AA,R,K,,,,,,,
sheep,SH,IY,P,,,,,,,,
shell,SH,EH,L,,,,,,,,
skunk,S,K,AH,NG,K,,,,,,
swan,S,W,AA,N,,,,,,,
turtle,T,ER,T,AH,L,,,,,,
unicorn,Y,UW,N,IH,K,AO,R,N,,,
walrus,W,AO,L,R,AH,S,,,,,
wolf,W,UH,L,F,,,,,,,
worm,W,ER,M,,,,,,,,
antlers,AE,N,T,L,ER,Z,,,,,
arm,AA,R,M,,,,,,,,
chest,CH,EH,S,T,,,,,,,
feather,F,EH,DH,ER,,,,,,,
finger,F,IH,NG,G,ER,,,,,,
hoof,HH,UW,F,,,,,,,,
leg,L,EH,G,,,,,,,,
lips,L,IH,P,S,,,,,,,
neck,N,EH,K,,,,,,,,
paw,P,AO,,,,,,,,,
shoulder,SH,OW,L,D,ER,,,,,,
skeleton,S,K,EH,L,AH,T,AH,N,,,
tail,T,EY,L,,,,,,,,
tear,T,EH,R,,,,,,,,
teeth,T,IY,TH,,,,,,,,
thumb,TH,AH,M,,,,,,,,
toe,T,OW,,,,,,,,,
wing,W,IH,NG,,,,,,,,
artichoke,AA,R,T,IH,CH,OW,K,,,,
asparagus,AH,S,P,EH,R,AH,G,AH,S,,
butter,B,AH,T,ER,,,,,,,
cheese,CH,IY,Z,,,,,,,,
cherry,CH,EH,R,IY,,,,,,,
cookie,K,UH,K,IY,,,,,,,
crackers,K,R,AE,K,ER,Z,,,,,
egg,EH,G,,,,,,,,,
lemon,L,EH,M,AH,N,,,,,,
lettuce,L,EH,T,AH,S,,,,,,
mushroom,M,AH,SH,R,UW,M,,,,,
nut,N,AH,T,,,,,,,,
onion,AH,N,Y,AH,N,,,,,,
orange,AO,R,AH,N,JH,,,,,,
peach,P,IY,CH,,,,,,,,
peanut,P,IY,N,AH,T,,,,,,
peas,P,IY,Z,,,,,,,,
pizza,P,IY,T,S,AH,,,,,,
popcorn,P,AA,P,K,AO,R,N,,,,
popsicle,P,AA,P,S,IH,K,AH,L,,,
potato,P,AH,T,EY,T,OW,,,,,
radish,R,AE,D,IH,SH,,,,,,
salt,S,AO,L,T,,,,,,,
spaghetti,S,P,AH,G,EH,T,IY,,,,
tomato,T,AH,M,EY,T,OW,,,,,
waffle,W,AA,F,AH,L,,,,,,
walnut,W,AO,L,N,AH,T,,,,,
watermelon,W,AO,T,ER,M,EH,L,AH,N,,
wheat,W,IY,T,,,,,,,,
wine,W,AY,N,,,,,,,,
grill,G,R,IH,L,,,,,,,
bathtub,B,AE,TH,T,AH,B,,,,,
bricks,B,R,IH,K,S,,,,,,
couch,K,AW,CH,,,,,,,,
crib,K,R,IH,B,,,,,,,
curtains,K,ER,T,AH,N,Z,,,,,
drawer,D,R,AO,R,,,,,,,
dresser,D,R,EH,S,ER,,,,,,
fence,F,EH,N,S,,,,,,,
fishtank,F,IH,SH,T,AE,NG,K,,,,
floor,F,L,AO,R,,,,,,,
hammock,HH,AE,M,AH,K,,,,,,
highchair,HH,AY,CH,EH,ER,,,,,,
ladder,L,AE,D,ER,,,,,,,
lawnmower,L,AO,N,M,OW,ER,,,,,
mailbox,M,EY,L,B,AA,K,S,,,,
mirror,M,IH,R,ER,,,,,,,
pillar,P,IH,L,ER,,,,,,,
refrigerator,R,AH,F,R,IH,JH,ER,EY,T,ER,
roof,R,UW,F,,,,,,,,
rug,R,AH,G,,,,,,,,
safe,S,EY,F,,,,,,,,
shower,SH,AW,ER,,,,,,,,
sink,S,IH,NG,K,,,,,,,
stairs,S,T,EH,R,Z,,,,,,
stool,S,T,UW,L,,,,,,,
stove,S,T,OW,V,,,,,,,
toaster,T,OW,S,T,ER,,,,,,
trashcan,T,R,AE,SH,K,AE,N,,,,
tv,T,IY,V,IY,,,,,,,
vacuum,V,AE,K,Y,UW,M,,,,,
ashtray,AE,SH,T,R,EY,,,,,,
block,B,L,AA,K,,,,,,,
bottle,B,AA,T,AH,L,,,,,,
box,B,AA,K,S,,,,,,,
bucket,B,AH,K,IH,T,,,,,,
cage,K,EY,JH,,,,,,,,
clothespin,K,L,OW,DH,S,P,IH,N,,,
cork,K,AO,R,K,,,,,,,
cup,K,AH,P,,,,,,,,
dime,D,AY,M,,,,,,,,
dustpan,D,AH,S,T,P,AE,N,,,,
faucet,F,AO,S,AH,T,,,,,,
flag,F,L,AE,G,,,,,,,
funnel,F,AH,N,AH,L,,,,,,
globe,G,L,OW,B,,,,,,,
hanger,HH,AE,NG,ER,,,,,,,
hook,HH,UH,K,,,,,,,,
jar,JH,AA,R,,,,,,,,
ladle,L,EY,D,AH,L,,,,,,
lightbulb,L,AY,T,B,AH,L,B,,,,
lock,L,AA,K,,,,,,,,
match,M,AE,CH,,,,,,,,
mixer,M,IH,K,S,ER,,,,,,
mop,M,AA,P,,,,,,,,
mousetrap,M,AW,S,T,R,AE,P,,,,
needle,N,IY,D,AH,L,,,,,,
pan,P,AE,N,,,,,,,,
paper,P,EY,P,ER,,,,,,,
paperclip,P,EY,P,ER,K,L,IH,P,,,
picture,P,IH,K,CH,ER,,,,,,
piggybank,P,IH,G,IY,B,AE,NG,K,,,
pitcher,P,IH,CH,ER,,,,,,,
plate,P,L,EY,T,,,,,,,
plug,P,L,AH,G,,,,,,,
pot,P,AA,T,,,,,,,,
radio,R,EY,D,IY,OW,,,,,,
razor,R,EY,Z,ER,,,,,,,
spatula,S,P,AE,CH,UH,L,AH,,,,
suitcase,S,UW,T,K,EY,S,,,,,
tape,T,EY,P,,,,,,,,
teapot,T,IY,P,AA,T,,,,,,
thermos,TH,ER,M,AH,S,,,,,,
thimble,TH,IH,M,B,AH,L,,,,,
thread,TH,R,EH,D,,,,,,,
toothbrush,T,UW,TH,B,R,AH,SH,,,,
trash,T,R,AE,SH,,,,,,,
tweezers,T,W,IY,Z,ER,Z,,,,,
gas,G,AE,S,,,,,,,,
balcony,B,AE,L,K,AH,N,IY,,,,
carousel,K,EH,R,AH,S,EH,L,,,,
castle,K,AE,S,AH,L,,,,,,
city,S,IH,T,IY,,,,,,,
fountain,F,AW,N,T,AH,N,,,,,
grave,G,R,EY,V,,,,,,,
igloo,IH,G,L,UW,,,,,,,
lighthouse,L,AY,T,HH,AW,S,,,,,
pool,P,UW,L,,,,,,,,
road,R,OW,D,,,,,,,,
statue,S,T,AE,CH,UW,,,,,,
stoplight,S,T,AA,P,L,AY,T,,,,
teepee,T,IY,P,IY,,,,,,,
windmill,W,IH,N,D,M,IH,L,,,,
accordion,AH,K,AO,R,D,IY,AH,N,,,
banjo,B,AE,N,JH,OW,,,,,,
flute,F,L,UW,T,,,,,,,
microphone,M,AY,K,R,AH,F,OW,N,,,
music,M,Y,UW,Z,IH,K,,,,,
pitchfork,P,IH,CH,F,AO,R,K,,,,
trumpet,T,R,AH,M,P,AH,T,,,,
violin,V,AY,AH,L,IH,N,,,,,
acorn,EY,K,AO,R,N,,,,,,
branch,B,R,AE,N,CH,,,,,,
cactus,K,AE,K,T,AH,S,,,,,
cloud,K,L,AW,D,,,,,,,
desert,D,EH,Z,ER,T,,,,,,
fire,F,AY,ER,,,,,,,,
hay,HH,EY,,,,,,,,,
lightning,L,AY,T,N,IH,NG,,,,,
log,L,AO,G,,,,,,,,
moon,M,UW,N,,,,,,,,
nest,N,EH,S,T,,,,,,,
pinecone,P,AY,N,K,OW,N,,,,,
rain,R,EY,N,,,,,,,,
rainbow,R,EY,N,B,OW,,,,,,
rock,R,AA,K,,,,,,,,
rose,R,OW,Z,,,,,,,,
smoke,S,M,OW,K,,,,,,,
spiderweb,S,P,AY,D,ER,W,EH,B,,,
wood,W,UH,D,,,,,,,,
boy,B,OY,,,,,,,,,
dentist,D,EH,N,T,AH,S,T,,,,
doctor,D,AA,K,T,ER,,,,,,
genie,JH,IY,N,IY,,,,,,,
girl,G,ER,L,,,,,,,,
knight,N,AY,T,,,,,,,,
policeman,P,AH,L,IY,S,M,AH,N,,,
priest,P,R,IY,S,T,,,,,,
robot,R,OW,B,AA,T,,,,,,
snowman,S,N,OW,M,AE,N,,,,,
soldier,S,OW,L,JH,ER,,,,,,
waiter,W,EY,T,ER,,,,,,,
witch,W,IH,CH,,,,,,,,
woman,W,UH,M,AH,N,,,,,,
gun,G,AH,N,,,,,,,,
lipstick,L,IH,P,S,T,IH,K,,,,
package,P,AE,K,AH,JH,,,,,,
present,P,R,EH,Z,AH,N,T,,,,
anvil,AE,N,V,AH,L,,,,,,
ax,AE,K,S,,,,,,,,
chain,CH,EY,N,,,,,,,,
clamp,K,L,AE,M,P,,,,,,
drill,D,R,IH,L,,,,,,,
hinge,HH,IH,N,JH,,,,,,,
hoe,HH,OW,,,,,,,,,
jack,JH,AE,K,,,,,,,,
paint,P,EY,N,T,,,,,,,
paintbrush,P,EY,N,T,B,R,AH,SH,,,
pliers,P,L,AY,ER,Z,,,,,,
screw,S,K,R,UW,,,,,,,
screwdriver,S,K,R,UW,D,R,AY,V,ER,,
shovel,SH,AH,V,AH,L,,,,,,
wrench,R,EH,N,CH,,,,,,,
corkscrew,K,AO,R,K,S,K,R,UW,,,
magnet,M,AE,G,N,AH,T,,,,,
telescope,T,EH,L,AH,S,K,OW,P,,,
arrow,AE,R,OW,,,,,,,,
bag,B,AE,G,,,,,,,,
barrel,B,AE,R,AH,L,,,,,,
bomb,B,AA,M,,,,,,,,
doll,D,AA,L,,,,,,,,
knot,N,AA,T,,,,,,,,
net,N,EH,T,,,,,,,,
puzzle,P,AH,Z,AH,L,,,,,,
slingshot,S,L,IH,NG,SH,AA,T,,,,
sword,S,AO,R,D,,,,,,,
tripod,T,R,AY,P,AA,D,,,,,
trophy,T,R,OW,F,IY,,,,,,
whip,W,IH,P,,,,,,,,
yoyo,Y,OW,Y,OW,,,,,,,
airplane,EH,R,P,L,EY,N,,,,,
bicycle,B,AY,S,IH,K,AH,L,,,,
blimp,B,L,IH,M,P,,,,,,
boat,B,OW,T,,,,,,,,
canoe,K,AH,N,UW,,,,,,,
firetruck,F,AY,ER,T,R,AH,K,,,,
motorcycle,M,OW,T,ER,S,AY,K,AH,L,,
parachute,P,EH,R,AH,SH,UW,T,,,,
rocket,R,AA,K,AH,T,,,,,,
rollerskate,R,OW,L,ER,S,K,EY,T,,,
sailboat,S,EY,L,B,OW,T,,,,,
seesaw,S,IY,S,AO,,,,,,,
skateboard,S,K,EY,T,B,AO,R,D,,,
sled,S,L,EH,D,,,,,,,
slide,S,L,AY,D,,,,,,,
stroller,S,T,R,OW,L,ER,,,,,
submarine,S,AH,B,M,ER,IY,N,,,,
swing,S,W,IH,NG,,,,,,,
tank,T,AE,NG,K,,,,,,,
tire,T,AY,ER,,,,,,,,
truck,T,R,AH,K,,,,,,,
unicycle,Y,UW,N,AH,S,AY,K,AH,L,,
wheel,W,IY,L,,,,,,,,
wheelbarrow,W,IY,L,B,EH,R,OW,,,,
wheelchair,W,IY,L,CH,EH,R,,,,,
backpack,B,AE,K,P,AE,K,,,,,
badge,B,AE,JH,,,,,,,,
bow,B,AW,,,,,,,,,
bra,B,R,AA,,,,,,,,
button,B,AH,T,AH,N,,,,,,
coat,K,OW,T,,,,,,,,
diaper,D,AY,P,ER,,,,,,,
dress,D,R,EH,S,,,,,,,
earring,IH,R,IH,NG,,,,,,,
glasses,G,L,AE,S,AH,Z,,,,,
handcuffs,HH,AE,N,D,K,AH,F,S,,,
hat,HH,AE,T,,,,,,,,
heel,HH,IY,L,,,,,,,,
helmet,HH,EH,L,M,AH,T,,,,,
jacket,JH,AE,K,AH,T,,,,,,
mask,M,AE,S,K,,,,,,,
medal,M,EH,D,AH,L,,,,,,
pants,P,AE,N,T,S,,,,,,
purse,P,ER,S,,,,,,,,
shirt,SH,ER,T,,,,,,,,
skirt,S,K,ER,T,,,,,,,
slipper,S,L,IH,P,ER,,,,,,
stocking,S,T,AA,K,IH,NG,,,,,
sweater,S,W,EH,T,ER,,,,,,
tie,T,AY,,,,,,,,,
umbrella,AH,M,B,R,EH,L,AH,,,,
wallet,W,AO,L,AH,T,,,,,,
watch,W,AA,CH,,,,,,,,
bartender,B,AA,R,T,EH,N,D,ER,,,
mistletoe,M,IH,S,AH,L,T,OW,,,,
jackhammer,JH,AE,K,HH,AE,M,ER,,,,
chopsticks,CH,AA,P,S,T,IH,K,S,,,
moccasins,M,AA,K,AH,S,IH,N,Z,,,
salsa,S,AA,L,S,AH,,,,,,
camouflage,K,AE,M,AH,F,L,AA,ZH,,,
dartboard,D,AA,R,T,B,AO,R,D,,,
bride,B,R,AY,D,,,,,,,
gravy,G,R,EY,V,IY,,,,,,
fox,F,AA,K,S,,,,,,,
star,S,T,AA,R,,,,,,,
pineapple,P,AY,N,AE,P,AH,L,,,,
envelope,EH,N,V,AH,L,OW,P,,,,
lemonade,L,EH,M,AH,N,EY,D,,,,
yam,Y,AE,M,,,,,,,,
sushi,S,UW,SH,IY,,,,,,,
squash,S,K,W,AA,SH,,,,,,
scallions,S,K,AE,L,Y,AH,N,Z,,,
plumber,P,L,AH,M,ER,,,,,,
binder,B,AY,N,D,ER,,,,,,
wand,W,AA,N,D,,,,,,,
stapler,S,T,EY,P,AH,L,ER,,,,
battery,B,AE,T,ER,IY,,,,,,
garbage,G,AA,R,B,IH,JH,,,,,
pinwheel,P,IH,N,W,IY,L,,,,,
kettle,K,EH,T,AH,L,,,,,,
jetski,JH,EH,T,S,K,IY,,,,,
coffee,K,AA,F,IY,,,,,,,
maracas,M,AE,R,AH,K,AH,Z,,,,
pope,P,OW,P,,,,,,,,
hairdresser,HH,EH,R,D,R,EH,S,ER,,,
nightlight,N,AY,T,L,AY,T,,,,,
nursery,N,ER,S,ER,IY,,,,,,
barbell,B,AA,R,B,EH,L,,,,,
dancer,D,AE,N,S,ER,,,,,,
notebook,N,OW,T,B,UH,K,,,,,
escalator,EH,S,K,AH,L,EY,T,ER,,,
coupon,K,UW,P,AO,N,,,,,,
walker,W,AO,K,ER,,,,,,,
stable,S,T,EY,B,AH,L,,,,,
freezer,F,R,IY,Z,ER,,,,,,
gown,G,AW,N,,,,,,,,
jersey,JH,ER,Z,IY,,,,,,,
laptop,L,AE,P,T,AA,P,,,,,
mango,M,AE,NG,G,OW,,,,,,
mall,M,AO,L,,,,,,,,
medicine,M,EH,D,AH,S,AH,N,,,,
hill,HH,IH,L,,,,,,,,
hurricane,HH,ER,AH,K,EY,N,,,,,
keychain,K,IY,CH,EY,N,,,,,,
coffeepot,K,AO,F,IY,P,AA,T,,,,
sleigh,S,L,EY,,,,,,,,
check,CH,EH,K,,,,,,,,
menu,M,EH,N,Y,UW,,,,,,
parade,P,ER,EY,D,,,,,,,
goalpost,G,OW,L,P,OW,S,T,,,,
hubcap,HH,AH,B,K,AE,P,,,,,
soap,S,OW,P,,,,,,,,
referee,R,EH,F,ER,IY,,,,,,
tray,T,R,EY,,,,,,,,
toast,T,OW,S,T,,,,,,,
milk,M,IH,L,K,,,,,,,
bleachers,B,L,IY,CH,ER,Z,,,,,
soda,S,OW,D,AH,,,,,,,
beach,B,IY,CH,,,,,,,,
island,AY,L,AH,N,D,,,,,,
stamp,S,T,AE,M,P,,,,,,
snowplow,S,N,OW,P,L,AW,,,,,
frame,F,R,EY,M,,,,,,,
stick,S,T,IH,K,,,,,,,
horn,HH,AO,R,N,,,,,,,
stadium,S,T,EY,D,IY,AH,M,,,,
sandbox,S,AE,N,D,B,AA,K,S,,,
pillbox,P,IH,L,B,AA,K,S,,,,
clownfish,K,L,AW,N,F,IH,SH,,,,
bookends,B,UH,K,EH,N,D,Z,,,,
coins,K,OY,N,Z,,,,,,,
trampoline,T,R,AE,M,P,AH,L,IY,N,,
iron,AY,ER,N,,,,,,,,
highway,HH,AY,W,EY,,,,,,,
yarn,Y,AA,R,N,,,,,,,
basketball,B,AE,S,K,AH,T,B,AO,L,,
mobile,M,OW,B,AH,L,,,,,,
triangle,T,R,AY,AE,NG,G,AH,L,,,
leotard,L,IY,AH,T,AA,R,D,,,,
clarinet,K,L,EH,R,AH,N,EH,T,,,
janitor,JH,AE,N,AH,T,ER,,,,,
quarter,K,W,AO,R,T,ER,,,,,
sandal,S,AE,N,D,AH,L,,,,,
cupcake,K,AH,P,K,EY,K,,,,,
podium,P,OW,D,IY,AH,M,,,,,
tulip,T,UW,L,IH,P,,,,,,
sling,S,L,IH,NG,,,,,,,
horseshoe,HH,AO,R,S,SH,UW,,,,,
taco,T,AA,K,OW,,,,,,,
filter,F,IH,L,T,ER,,,,,,
poncho,P,AA,N,CH,OW,,,,,,
fireworks,F,AY,R,W,ER,K,S,,,,
gurney,G,ER,N,IY,,,,,,,
ornament,AO,R,N,AH,M,AH,N,T,,,
keg,K,EH,G,,,,,,,,
olives,AA,L,IH,V,Z,,,,,,
lotion,L,OW,SH,AH,N,,,,,,
lantern,L,AE,N,T,ER,N,,,,,
lollipop,L,AA,L,IY,P,AA,P,,,,
protractor,P,R,OW,T,R,AE,K,T,ER,,
chalkboard,CH,AO,K,B,OW,R,D,,,,
crockpot,K,R,AA,K,P,AA,T,,,,
volleyball,V,AA,L,IY,B,AO,L,,,,
raisins,R,EY,Z,AH,N,Z,,,,,
banister,B,AE,N,IH,S,T,ER,,,,
snowglobe,S,N,OW,G,L,OW,B,,,,
deodorant,D,IY,OW,D,ER,AH,N,T,,,
coral,K,AO,R,AH,L,,,,,,
croissant,K,W,AA,S,AA,N,T,,,,
calculator,K,AE,L,K,Y,AH,L,EY,T,ER,
cranberries,K,R,AE,N,B,EH,R,IY,Z,,
trombone,T,R,AA,M,B,OW,N,,,,
chart,CH,AA,R,T,,,,,,,
visor,V,AY,Z,ER,,,,,,,
licorice,L,IH,K,ER,IH,SH,,,,,
eraser,IH,R,EY,S,ER,,,,,,
caterpillar,K,AE,T,AH,P,IH,L,ER,,,
eyelashes,AY,L,AE,SH,IH,Z,,,,,
coal,K,OW,L,,,,,,,,
remote,R,IH,M,OW,T,,,,,,
jalapeno,HH,AE,L,AH,P,IY,N,Y,OW,,
headband,HH,EH,D,B,AE,N,D,,,,
flour,F,L,AW,ER,,,,,,,
barn,B,AA,R,N,,,,,,,
icecream,AY,S,K,R,IY,M,,,,,
sunflower,S,AH,N,F,L,AW,ER,,,,
gymnast,JH,IH,M,N,AH,S,T,,,,
dove,D,AH,V,,,,,,,,
dandelion,D,AE,N,D,AH,L,AY,AH,N,,
brownie,B,R,AW,N,IY,,,,,,
mustard,M,AH,S,T,ER,D,,,,,
toothpaste,T,UW,TH,P,EY,S,T,,,,
fingernail,F,IH,NG,G,ER,N,EY,L,,,
tissue,T,IH,S,Y,UW,,,,,,
meatloaf,M,IY,T,L,OW,F,,,,,
magazine,M,AE,G,AH,Z,IY,N,,,,
baseball,B,EY,S,B,AO,L,,,,,
burrito,B,ER,IY,T,OW,,,,,,
bison,B,AY,S,AH,N,,,,,,
jaguar,JH,AE,G,W,AA,R,,,,,
wool,W,UH,L,,,,,,,,
hedgehog,HH,EH,JH,HH,AA,G,,,,,
markers,M,AA,R,K,ER,Z,,,,,
éclair,K,L,AE,AH,R,,,,,,
combine,K,AA,M,B,AY,N,,,,,
zipline,Z,IH,P,L,AY,N,,,,,
trail,T,R,EY,L,,,,,,,
puck,P,AH,K,,,,,,,,
straw,S,T,R,AO,,,,,,,
dominoes,D,AA,M,AH,N,OW,Z,,,,
mailman,M,EY,L,M,AE,N,,,,,
bowtie,B,AW,T,AY,,,,,,,
headlight,HH,EH,D,L,AY,T,,,,,
blackberry,B,L,AE,K,B,EH,R,IY,,,
snowmobile,S,N,OW,M,OW,B,IY,L,,,
wipers,W,AY,P,ER,Z,,,,,,
artist,AA,R,T,AH,S,T,,,,,
icicles,AY,S,IH,K,AH,L,Z,,,,
chef,SH,EH,F,,,,,,,,
veil,V,EY,L,,,,,,,,
restaurant,R,EH,S,T,ER,AA,N,T,,,
pharmacy,F,AA,R,M,AH,S,IY,,,,
champagne,SH,AE,M,P,EY,N,,,,,
wreath,R,IY,TH,,,,,,,,
snowflake,S,N,OW,F,L,EY,K,,,,
dinosaur,D,AY,N,AH,S,AO,R,,,,
waders,W,EY,D,ER,Z,,,,,,
tag,T,AE,G,,,,,,,,
sprinkles,S,P,R,IH,NG,K,AH,L,Z,,
garden,G,AA,R,D,AH,N,,,,,
clothesline,K,L,OW,DH,Z,L,AY,N,,,
factory,F,AE,K,T,ER,IY,,,,,
pew,P,Y,UW,,,,,,,,
herbs,ER,B,Z,,,,,,,,
carwash,K,AA,R,W,AA,SH,,,,,
lungs,L,AH,NG,Z,,,,,,,
honey,HH,AH,N,IY,,,,,,,
circus,S,ER,K,AH,S,,,,,,
museum,M,Y,UW,Z,IY,AH,M,,,,
roulette,R,UW,L,EH,T,,,,,,
casket,K,AE,S,K,AH,T,,,,,
gold,G,OW,L,D,,,,,,,
reindeer,R,EY,N,D,IH,R,,,,,
abacus,AE,B,AH,K,AH,S,,,,,
computer,K,AH,M,P,Y,UW,T,ER,,,
oven,AH,V,AH,N,,,,,,,
dam,D,AE,M,,,,,,,,
tea,T,IY,,,,,,,,,
school,S,K,UW,L,,,,,,,
punchbowl,P,AH,N,CH,B,OW,L,,,,
keyboard,K,IY,B,AO,R,D,,,,,
sunglasses,S,AH,N,G,L,AE,S,IH,Z,,
coffeetable,K,AO,F,IY,T,EY,B,AH,L,,
sombrero,S,AA,M,B,R,EH,R,OW,,,
kayak,K,AY,AE,K,,,,,,,
brain,B,R,EY,N,,,,,,,
crosswalk,K,R,AA,S,W,AA,K,,,,
jeans,JH,IY,N,Z,,,,,,,
ticket,T,IH,K,AH,T,,,,,,
meatballs,M,IY,T,B,AO,L,Z,,,,
palette,P,AE,L,AH,T,,,,,,
headphones,HH,EH,D,F,OW,N,Z,,,,
beehive,B,IY,HH,AY,V,,,,,,
shelf,SH,EH,L,F,,,,,,,
oreos,OW,R,AA,S,,,,,,,
peninsula,P,AH,N,IH,N,S,AH,L,AH,,
blender,B,L,EH,N,D,ER,,,,,
headset,HH,EH,D,S,EH,T,,,,,
dreamcatcher,D,R,IY,M,K,AE,CH,ER,,,
overalls,OW,V,ER,AO,L,Z,,,,,
broccoli,B,R,AA,K,AH,L,IY,,,,
pocket,P,AA,K,AH,T,,,,,,
cards,K,AA,R,D,Z,,,,,,
wave,W,EY,V,,,,,,,,
hoagie,HH,OW,G,IY,,,,,,,
salad,S,AE,L,AH,D,,,,,,
cucumber,K,Y,UW,K,AH,M,B,ER,,,
chessboard,CH,EH,S,B,AO,R,D,,,,
cd,S,IY,D,IY,,,,,,,
cello,CH,EH,L,OW,,,,,,,
chandelier,SH,AE,N,D,AH,L,IH,R,,,
pacifier,P,AE,S,AH,F,AY,ER,,,,
cement,S,AH,M,EH,N,T,,,,,
crane,K,R,EY,N,,,,,,,
blinds,B,L,AY,N,D,Z,,,,,
perfume,P,ER,F,Y,UW,M,,,,,
seatbelt,S,IY,T,B,EH,L,T,,,,
pickles,P,IH,K,AH,L,Z,,,,,
slinky,S,L,IH,NG,K,IY,,,,,
cannoli,K,AE,N,AH,L,IY,,,,,
bubble,B,AH,B,AH,L,,,,,,
gutters,G,AH,T,ER,Z,,,,,,
pearls,P,ER,L,Z,,,,,,,
almonds,AA,L,M,AH,N,D,Z,,,,
saxophone,S,AE,K,S,AH,F,OW,N,,,
blueberries,B,L,UW,B,EH,R,IY,Z,,,
doorknob,D,UW,R,N,AA,B,,,,,
camper,K,AE,M,P,ER,,,,,,
barre,B,EH,R,IY,,,,,,,
wineglass,W,AY,N,G,L,AE,S,,,,
dollhouse,D,AA,L,HH,AW,S,,,,,
golfball,G,AA,L,F,B,AO,L,,,,
porch,P,AO,R,CH,,,,,,,
bagel,B,EY,G,AH,L,,,,,,
booth,B,UW,TH,,,,,,,,
scooter,S,K,UW,T,ER,,,,,,
pole,P,OW,L,,,,,,,,
bible,B,AY,B,AH,L,,,,,,
cereal,S,IH,R,IY,AH,L,,,,,
juice,JH,UW,S,,,,,,,,
ketchup,K,EH,CH,AH,P,,,,,,
syrup,S,ER,AH,P,,,,,,,
napkin,N,AE,P,K,IH,N,,,,,
cart,K,AA,R,T,,,,,,,
candy,K,AE,N,D,IY,,,,,,
library,L,AY,B,R,EH,R,IY,,,,
gargoyle,G,AA,R,G,OY,L,,,,,
cauliflower,K,AA,L,AH,F,L,AW,ER,,,
newspaper,N,UW,Z,P,EY,P,ER,,,,
bar,B,AA,R,,,,,,,,
cheetah,CH,IY,T,AH,,,,,,,
dragonfly,D,R,AE,G,AH,N,F,L,AY,,
chipmunk,CH,IH,P,M,AH,NG,K,,,,
diploma,D,IH,P,L,OW,M,AA,,,,
quail,K,W,EY,L,,,,,,,
humidor,HH,Y,UW,M,IH,D,AO,R,,,
furnace,F,ER,N,AH,S,,,,,,
timer,T,AY,M,ER,,,,,,,
macaroni,M,AE,K,ER,OW,N,IY,,,,
detergent,D,IH,T,ER,JH,AH,N,T,,,
printer,P,R,IH,N,T,ER,,,,,
cookiecutter,K,UH,K,IY,K,AH,T,ER,,,
checkbook,CH,EH,K,B,UH,K,,,,,
journal,JH,ER,N,AH,L,,,,,,
hearse,HH,ER,S,,,,,,,,
windsock,W,IH,N,D,S,AA,K,,,,
hourglass,AW,ER,G,L,AE,S,,,,,
garland,G,AA,R,L,AH,N,D,,,,
dachshund,D,AA,K,S,HH,UH,N,D,,,
lockers,L,AA,K,ER,Z,,,,,,
van,V,AE,N,,,,,,,,
frosting,F,R,AO,S,T,IH,NG,,,,
vase,V,EY,S,,,,,,,,
bullhorn,B,UH,L,HH,AO,R,N,,,,
daiquiri,D,AE,K,ER,IY,,,,,,
hurdler,HH,ER,D,AH,L,ER,,,,,
amp,AE,M,P,,,,,,,,
beer,B,IH,R,,,,,,,,
beaker,B,IY,K,ER,,,,,,,
bay,B,EY,,,,,,,,,
barge,B,AA,R,JH,,,,,,,
beads,B,IY,D,Z,,,,,,,
children,CH,IH,L,D,R,AH,N,,,,
dock,D,AA,K,,,,,,,,
doughnut,D,OW,N,AH,T,,,,,,
dollar,D,AA,L,ER,,,,,,,
easel,IY,Z,AH,L,,,,,,,
flannel,F,L,AE,N,AH,L,,,,,
jockey,JH,AA,K,IY,,,,,,,
gondola,G,AA,N,D,AH,L,AH,,,,
greenhouse,G,R,IY,N,HH,AW,S,,,,
hockey,HH,AA,K,IY,,,,,,,
kettlebell,K,EH,T,AH,L,B,EH,L,,,
lavender,L,AE,V,AH,N,D,ER,,,,
lighter,L,AY,T,ER,,,,,,,
lance,L,AE,N,S,,,,,,,
lasso,L,AE,S,OW,,,,,,,
leash,L,IY,SH,,,,,,,,
mud,M,AH,D,,,,,,,,
macaroon,M,AE,K,AH,R,UW,N,,,,
meat,M,IY,T,,,,,,,,
omelet,AA,M,L,AH,T,,,,,,
paddle,P,AE,D,AH,L,,,,,,
pallet,P,AE,L,AH,T,,,,,,
puppet,P,AH,P,AH,T,,,,,,
pentagon,P,EH,N,T,IH,G,AA,N,,,
pennant,P,EH,N,AH,N,T,,,,,
pajamas,P,AH,JH,AA,M,AH,Z,,,,
ribbon,R,IH,B,AH,N,,,,,,
robin,R,AA,B,AH,N,,,,,,
rollercoaster,R,OW,L,ER,K,OW,S,T,ER,,
racetrack,R,EY,S,T,R,AE,K,,,,
scalpel,S,K,AE,L,P,AH,L,,,,
softball,S,AO,F,T,B,AO,L,,,,
shack,SH,AE,K,,,,,,,,
shop,SH,AA,P,,,,,,,,
shot,SH,AA,T,,,,,,,,
sketch,S,K,EH,CH,,,,,,,
swamp,S,W,AA,M,P,,,,,,
tunnel,T,AH,N,AH,L,,,,,,
yoga,Y,OW,G,AH,,,,,,,
walkway,W,AO,K,W,EY,,,,,,
window,W,IH,N,D,OW,,,,,,
wharf,W,AO,R,F,,,,,,,
astronaut,AE,S,T,R,AH,N,AA,T,,,
arch,AA,R,CH,,,,,,,,
chalk,CH,AA,K,,,,,,,,
fedora,F,IH,D,AO,R,AH,,,,,
falcon,F,AE,L,K,AH,N,,,,,
hut,HH,AH,T,,,,,,,,
lace,L,EY,S,,,,,,,,
lights,L,AY,T,S,,,,,,,
nutcracker,N,AH,T,K,R,AE,K,ER,,,
pail,P,EY,L,,,,,,,,
sugar,SH,UH,G,ER,,,,,,,
skydiver,S,K,AY,D,AY,V,ER,,,,
tack,T,AE,K,,,,,,,,
towel,T,AW,AH,L,,,,,,,
typewriter,T,AY,P,R,AY,T,ER,,,,
thief,TH,IY,F,,,,,,,,
toy,T,OY,,,,,,,,,
wash,W,AA,SH,,,,,,,,
applesauce,AE,P,AH,L,S,AO,S,,,,
accountant,AH,K,AW,N,T,AH,N,T,,,
beagle,B,IY,G,AH,L,,,,,,
chili,CH,IH,L,IY,,,,,,,
chapstick,CH,AE,P,S,T,IH,K,,,,
cattle,K,AE,T,AH,L,,,,,,
crayons,K,R,EY,AA,N,Z,,,,,
elevator,EH,L,AH,V,EY,T,ER,,,,
label,L,EY,B,AH,L,,,,,,
laundromat,L,AO,N,D,R,AH,M,AE,T,,
mansion,M,AE,N,SH,AH,N,,,,,
kneel,N,IY,L,,,,,,,,
usher,AH,SH,ER,,,,,,,,
orchid,AO,R,K,AH,D,,,,,,
pug,P,AH,G,,,,,,,,
padlock,P,AE,D,L,AA,K,,,,,
pompom,P,AA,M,P,AA,M,,,,,
penny,P,EH,N,IY,,,,,,,
puppy,P,AH,P,IY,,,,,,,
pistachios,P,AH,S,T,AE,SH,IY,OW,Z,,
petunia,P,AH,T,UW,N,IY,AH,,,,
raven,R,EY,V,AH,N,,,,,,
sign,S,AY,N,,,,,,,,
spear,S,P,IH,R,,,,,,,
tambourine,T,AE,M,B,ER,IY,N,,,,
water,W,AO,T,ER,,,,,,,
welder,W,EH,L,D,ER,,,,,,
wick,W,IH,K,,,,,,,,
whale,W,EY,L,,,,,,,,
bagpipes,B,AE,G,P,AY,P,S,,,,
brake,B,R,EY,K,,,,,,,
child,CH,AY,L,D,,,,,,,
coach,K,OW,CH,,,,,,,,
creek,K,R,IY,K,,,,,,,
drain,D,R,EY,N,,,,,,,
drummer,D,R,AH,M,ER,,,,,,
fist,F,IH,S,T,,,,,,,
forklift,F,AO,R,K,L,IH,F,T,,,
flock,F,L,AA,K,,,,,,,
haystack,HH,EY,S,T,AE,K,,,,,
hamper,HH,AE,M,P,ER,,,,,,
incubator,IH,NG,K,Y,AH,B,EY,T,ER,,
leather,L,EH,DH,ER,,,,,,,
lifeguard,L,AY,F,G,AA,R,D,,,,
meerkat,M,IH,R,K,AH,T,,,,,
mussel,M,AH,S,AH,L,,,,,,
pedal,P,EH,D,AH,L,,,,,,
receptionist,R,IH,S,EH,P,SH,AH,N,IH,S,T
river,R,IH,V,ER,,,,,,,
ram,R,AE,M,,,,,,,,
ruby,R,UW,B,IY,,,,,,,
soup,S,UW,P,,,,,,,,
salamander,S,AE,L,AH,M,AE,N,D,ER,,
shutter,SH,AH,T,ER,,,,,,,
silk,S,IH,L,K,,,,,,,
stripes,S,T,R,AY,P,S,,,,,
steam,S,T,IY,M,,,,,,,
store,S,T,AO,R,,,,,,,
traffic,T,R,AE,F,IH,K,,,,,
taxi,T,AE,K,S,IY,,,,,,
violet,V,AY,AH,L,IH,T,,,,,
wastebasket,W,EY,S,T,B,AE,S,K,AH,T,
axle,AE,K,S,AH,L,,,,,,
black,B,L,AE,K,,,,,,,
baker,B,EY,K,ER,,,,,,,
beef,B,IY,F,,,,,,,,
bonnet,B,AA,N,AH,T,,,,,,
cape,K,EY,P,,,,,,,,
candelabra,K,AE,N,D,AH,L,AA,B,R,AH,
classroom,K,L,AE,S,R,UW,M,,,,
card,K,AA,R,D,,,,,,,
cube,K,Y,UW,B,,,,,,,
doily,D,OY,L,IY,,,,,,,
desktop,D,EH,S,K,T,AA,P,,,,
fiddle,F,IH,D,AH,L,,,,,,
flood,F,L,AH,D,,,,,,,
fencing,F,EH,N,S,IH,NG,,,,,
glue,G,L,UW,,,,,,,,
heater,HH,IY,T,ER,,,,,,,
hoop,HH,UW,P,,,,,,,,
jeep,JH,IY,P,,,,,,,,
lapel,L,AH,P,EH,L,,,,,,
locket,L,AA,K,IH,T,,,,,,
level,L,EH,V,AH,L,,,,,,
lake,L,EY,K,,,,,,,,
mime,M,AY,M,,,,,,,,
miner,M,AY,N,ER,,,,,,,
meal,M,IY,L,,,,,,,,
makeup,M,EY,K,AH,P,,,,,,
noodles,N,UW,D,AH,L,Z,,,,,
push-up,P,UH,SH,AH,P,,,,,,
pasta,P,AA,S,T,AH,,,,,,
pepperoni,P,EH,P,ER,OW,N,IY,,,,
petal,P,EH,T,AH,L,,,,,,
puddle,P,AH,D,AH,L,,,,,,
panther,P,AE,N,TH,ER,,,,,,
plaid,P,L,AE,D,,,,,,,
plank,P,L,AE,NG,K,,,,,,
palm,P,AA,M,,,,,,,,
radiator,R,EY,D,IY,EY,T,ER,,,,
receipt,R,IH,S,IY,T,,,,,,
raincoat,R,EY,N,K,OW,T,,,,,
sparkler,S,P,AA,R,K,AH,L,ER,,,
satellite,S,AE,T,AH,L,AY,T,,,,
tarp,T,AA,R,P,,,,,,,
thorns,TH,AO,R,N,Z,,,,,,
theater,TH,IY,EY,T,ER,,,,,,
throne,TH,R,OW,N,,,,,,,
tailpipe,T,EY,L,P,AY,P,,,,,
track,T,R,AE,K,,,,,,,
twins,T,W,IH,N,Z,,,,,,
gum,G,AH,M,,,,,,,,
bandana,B,AE,N,D,AE,N,AH,,,,
cabinet,K,AE,B,AH,N,AH,T,,,,
cashier,K,AE,SH,IH,R,,,,,,
cellar,S,EH,L,ER,,,,,,,
fingertips,F,IH,NG,G,ER,T,IH,P,S,,
farmhouse,F,AA,R,M,HH,AW,S,,,,
grate,G,R,EY,T,,,,,,,
ignition,IH,G,N,IH,SH,AH,N,,,,
peel,P,IY,L,,,,,,,,
runner,R,AH,N,ER,,,,,,,
red,R,EH,D,,,,,,,,
steeple,S,T,IY,P,AH,L,,,,,
stovetop,S,T,OW,V,T,AA,P,,,,
tattoo,T,AE,T,UW,,,,,,,
watchband,W,AA,CH,B,AE,N,D,,,,
badger,B,AE,JH,ER,,,,,,,
flakes,F,L,EY,K,S,,,,,,
magician,M,AH,JH,IH,SH,AH,N,,,,
motel,M,OW,T,EH,L,,,,,,
palace,P,AE,L,AH,S,,,,,,
treadmill,T,R,EH,D,M,IH,L,,,,
vest,V,EH,S,T,,,,,,,
ace,EY,S,,,,,,,,,
breakfast,B,R,EH,K,F,AH,S,T,,,
cable,K,EY,B,AH,L,,,,,,
claw,K,L,AO,,,,,,,,
dentures,D,EH,N,CH,ER,Z,,,,,
fan,F,AE,N,,,,,,,,
ham,HH,AE,M,,,,,,,,
lampshade,L,AE,M,P,SH,EY,D,,,,
leech,L,IY,CH,,,,,,,,
mat,M,AE,T,,,,,,,,
ninja,N,IH,N,JH,AH,,,,,,
pita,P,IY,T,AH,,,,,,,
painting,P,EY,N,T,IH,NG,,,,,
raft,R,AE,F,T,,,,,,,
rice,R,AY,S,,,,,,,,
rust,R,AH,S,T,,,,,,,
smoothie,S,M,UW,DH,IY,,,,,,
sparrow,S,P,EH,R,OW,,,,,,
white,W,AY,T,,,,,,,,
dive,D,AY,V,,,,,,,,
jester,JH,EH,S,T,ER,,,,,,
gear,G,IH,R,,,,,,,,
nuggets,N,AH,G,AH,T,S,,,,,
picnic,P,IH,K,N,IH,K,,,,,
prince,P,R,IH,N,S,,,,,,
racecar,R,EY,S,K,AA,R,,,,,
snorkel,S,N,AO,R,K,AH,L,,,,
soupspoon,S,UW,P,S,P,UW,N,,,,
wizard,W,IH,Z,ER,D,,,,,,
waltz,W,AO,L,T,S,,,,,,
wedding,W,EH,D,IH,NG,,,,,,
goalie,G,OW,L,IY,,,,,,,
poker,P,OW,K,ER,,,,,,,
pretzel,P,R,EH,T,Z,AH,L,,,,
anthill,AE,N,T,HH,IH,L,,,,,
atlas,AE,T,L,AH,S,,,,,,
chips,CH,IH,P,S,,,,,,,
cliff,K,L,IH,F,,,,,,,
drink,D,R,IH,NG,K,,,,,,
halo,HH,EY,L,OW,,,,,,,
hood,HH,UH,D,,,,,,,,
jet,JH,EH,T,,,,,,,,
pinetree,P,AY,N,T,R,IY,,,,,
passport,P,AE,S,P,AO,R,T,,,,
playground,P,L,EY,G,R,AW,N,D,,,
scroll,S,K,R,OW,L,,,,,,
scarecrow,S,K,AE,R,K,R,OW,,,,
shadow,SH,AE,D,OW,,,,,,,
ramp,R,AE,M,P,,,,,,,
cowgirl,K,AW,G,ER,L,,,,,,
melon,M,EH,L,AH,N,,,,,,
tangerine,T,AE,N,JH,ER,IY,N,,,,
airport,EH,R,P,AO,R,T,,,,,
beets,B,IY,T,S,,,,,,,
buckle,B,AH,K,AH,L,,,,,,
beachball,B,IY,CH,B,AA,L,,,,,
dart,D,AA,R,T,,,,,,,
jewelry,JH,UW,AH,L,R,IY,,,,,
gnome,N,OW,M,,,,,,,,
nun,N,AH,N,,,,,,,,
poodle,P,UW,D,AH,L,,,,,,
sand,S,AE,N,D,,,,,,,
teacup,T,IY,K,AH,P,,,,,,
tricycle,T,R,IH,S,IH,K,AH,L,,,
wire,W,AY,ER,,,,,,,,
yellow,Y,EH,L,OW,,,,,,,
bakery,B,EY,K,ER,IY,,,,,,
blue,B,L,UW,,,,,,,,
boar,B,AO,R,,,,,,,,
canal,K,AH,N,AE,L,,,,,,
footrest,F,UH,T,R,EH,S,T,,,,
margarita,M,AA,R,G,ER,IY,T,AH,,,
rifle,R,AY,F,AH,L,,,,,,
salmon,S,AE,M,AH,N,,,,,,
sinkhole,S,IH,NG,K,HH,OW,L,,,,
skylight,S,K,AY,L,AY,T,,,,,
sleep,S,L,IY,P,,,,,,,
sleeve,S,L,IY,V,,,,,,,
stingray,S,T,IH,NG,R,EY,,,,,
stretch,S,T,R,EH,CH,,,,,,
swimsuit,S,W,IH,M,S,UW,T,,,,
tuxedo,T,AH,K,S,IY,D,OW,,,,
tutu,T,UW,T,UW,,,,,,,
truffles,T,R,AH,F,AH,L,Z,,,,
yogurt,Y,OW,G,ER,T,,,,,,
weed,W,IY,D,,,,,,,,
wallpaper,W,AO,L,P,EY,P,ER,,,,
bulldozer,B,UH,L,D,OW,Z,ER,,,,
bass,B,AE,S,,,,,,,,
barber,B,AA,R,B,ER,,,,,,
band,B,AE,N,D,,,,,,,
braid,B,R,EY,D,,,,,,,
baton,B,AH,T,AA,N,,,,,,
cot,K,AA,T,,,,,,,,
diamond,D,AY,M,AH,N,D,,,,,
drumstick,D,R,AH,M,S,T,IH,K,,,
earbuds,IH,ER,B,AH,D,Z,,,,,
glacier,G,L,EY,SH,ER,,,,,,
hallway,HH,AO,L,W,EY,,,,,,
hug,HH,AH,G,,,,,,,,
hotdog,HH,AA,T,D,AO,G,,,,,
jelly,JH,EH,L,IY,,,,,,,
marshmallow,M,AA,R,SH,M,EH,L,OW,,,
mural,M,Y,UH,R,AH,L,,,,,
pipes,P,AY,P,S,,,,,,,
pillow,P,IH,L,OW,,,,,,,
sheet,SH,IY,T,,,,,,,,
scoop,S,K,UW,P,,,,,,,
slope,S,L,OW,P,,,,,,,
study,S,T,AH,D,IY,,,,,,
swimmer,S,W,IH,M,ER,,,,,,
tee,T,IY,,,,,,,,,
umpire,AH,M,P,AY,ER,,,,,,
wardrobe,W,AO,R,D,R,OW,B,,,,
beekeeper,B,IY,K,IY,P,ER,,,,,
mimosa,M,IH,M,OW,S,AH,,,,,
javelin,JH,AE,V,AH,L,AH,N,,,,
cheerleader,CH,IH,R,L,IY,D,ER,,,,
mallet,M,AE,L,IH,T,,,,,,
salute,S,AH,L,UW,T,,,,,,
bonfire,B,AA,N,F,AY,ER,,,,,
calendar,K,AE,L,AH,N,D,ER,,,,
defibrillator,D,IY,F,IH,B,R,IH,L,EY,T,ER
braces,B,R,EY,S,AH,Z,,,,,
greyhound,G,R,EY,HH,AW,N,D,,,,
grubs,G,R,AH,B,Z,,,,,,
sloth,S,L,OW,TH,,,,,,,
otter,AA,T,ER,,,,,,,,
snake,S,N,EY,K,,,,,,,
flyswatter,F,L,AY,Z,W,AA,T,ER,,,
pigeon,P,IH,JH,AH,N,,,,,,
elk,EH,L,K,,,,,,,,
manatee,M,AE,N,AH,T,IY,,,,,
bridle,B,R,AY,D,AH,L,,,,,
vulture,V,AH,L,CH,ER,,,,,,
hornet,HH,AO,R,N,IH,T,,,,,
gazelle,G,AH,Z,EH,L,,,,,,
chimpanzee,CH,IH,M,P,AE,N,Z,IY,,,
beetle,B,IY,T,AH,L,,,,,,
warthog,W,AO,R,T,HH,AA,G,,,,
wombat,W,AA,M,B,AE,T,,,,,
frog,F,R,AA,G,,,,,,,
hyena,HH,AY,IY,N,AH,,,,,,
eel,IY,L,,,,,,,,,
pony,P,OW,N,IY,,,,,,,
crawfish,K,R,AO,F,IH,SH,,,,,
buffalo,B,AH,F,AH,L,OW,,,,,
cockroach,K,AA,K,R,OW,CH,,,,,
hamster,HH,AE,M,S,T,ER,,,,,
albatross,AE,L,B,AH,T,R,AA,S,,,
cockatiel,K,AA,K,AH,T,IY,L,,,,
pheasant,F,EH,Z,AH,N,T,,,,,
flamingo,F,L,AH,M,IH,NG,G,OW,,,
fish,F,IH,SH,,,,,,,,
anteater,AE,N,T,IY,T,ER,,,,,
groundhog,G,R,AW,N,D,HH,AA,G,,,
opossum,OW,P,AA,S,AH,M,,,,,
antelope,AE,N,T,AH,L,OW,P,,,,
chickadee,CH,IH,K,EY,D,IY,,,,,
tarantula,T,AH,R,AE,N,CH,UW,L,AH,,
jellyfish,JH,EH,L,IY,F,IH,SH,,,,
alligator,AE,L,AH,G,EY,T,ER,,,,
lamb,L,AE,M,,,,,,,,
clam,K,L,AE,M,,,,,,,
rat,R,AE,T,,,,,,,,
goose,G,UW,S,,,,,,,,
iguana,IH,G,W,AA,N,AH,,,,,
centaur,S,EH,N,T,AO,R,,,,,
platypus,P,L,AE,T,AH,P,UH,S,,,
jackal,JH,AE,K,AH,L,,,,,,
slug,S,L,AH,G,,,,,,,
tusk,T,AH,S,K,,,,,,,
calf,K,AE,F,,,,,,,,
stomach,S,T,AH,M,AH,K,,,,,
beak,B,IY,K,,,,,,,,
wrist,R,IH,S,T,,,,,,,
mane,M,EY,N,,,,,,,,
chin,CH,IH,N,,,,,,,,
tongue,T,AH,NG,,,,,,,,
head,HH,EH,D,,,,,,,,
whiskers,W,IH,S,K,ER,Z,,,,,
knee,N,IY,,,,,,,,,
bone,B,OW,N,,,,,,,,
snout,S,N,AW,T,,,,,,,
handkerchief,HH,AE,NG,K,ER,CH,IH,F,,,
jaw,JH,AO,,,,,,,,,
elbow,EH,L,B,OW,,,,,,,
ankle,AE,NG,K,AH,L,,,,,,
horns,HH,AO,R,N,Z,,,,,,
shallots,SH,AE,L,AH,T,S,,,,,
spinach,S,P,IH,N,AH,CH,,,,,
mayonnaise,M,EY,AH,N,EY,Z,,,,,
plum,P,L,AH,M,,,,,,,
cheesecake,CH,IY,Z,K,EY,K,,,,,
muffin,M,AH,F,AH,N,,,,,,
bacon,B,EY,K,AH,N,,,,,,
milkshake,M,IH,L,K,SH,EY,K,,,,
grapefruit,G,R,EY,P,F,R,UW,T,,,
cabbage,K,AE,B,AH,JH,,,,,,
zucchini,Z,UW,K,IY,N,IY,,,,,
beans,B,IY,N,Z,,,,,,,
garlic,G,AA,R,L,IH,K,,,,,
lime,L,AY,M,,,,,,,,
apricot,EY,P,R,AH,K,AA,T,,,,
lentils,L,EH,N,T,AH,L,Z,,,,
lasagna,L,AA,S,AA,N,Y,AH,,,,
jellybeans,JH,EH,L,IY,B,IY,N,Z,,,
turnip,T,ER,N,AH,P,,,,,,
eggplant,EH,G,P,L,AE,N,T,,,,
pepper,P,EH,P,ER,,,,,,,
calzone,K,AE,L,Z,OW,N,,,,,
avocado,AE,V,AH,K,AA,D,OW,,,,
pancakes,P,AE,N,K,EY,K,S,,,,
pecan,P,AH,K,AA,N,,,,,,
cantaloupe,K,AE,N,T,AH,L,OW,P,,,
corn,K,AO,R,N,,,,,,,
liquor,L,IH,K,ER,,,,,,,
rotisserie,R,OW,T,IH,S,ER,IY,,,,
shampoo,SH,AE,M,P,UW,,,,,,
wall,W,AO,L,,,,,,,,
nightstand,N,AY,T,S,T,AE,N,D,,,
bookshelf,B,UH,K,SH,EH,L,F,,,,
tablecloth,T,EY,B,AH,L,K,L,AO,TH,,
closet,K,L,AA,Z,AH,T,,,,,
cupboard,K,AH,B,ER,D,,,,,,
birdhouse,B,ER,D,HH,AW,S,,,,,
recliner,R,IH,K,L,AY,N,ER,,,,
bassinet,B,AE,S,AH,N,EH,T,,,,
hairdryer,HH,EH,R,D,R,AY,ER,,,,
snowblower,S,N,OW,B,L,OW,ER,,,,
driveway,D,R,AY,V,W,EY,,,,,
curio,K,Y,UH,R,IY,OW,,,,,
doorway,D,AO,R,W,EY,,,,,,
jukebox,JH,UW,K,B,AA,K,S,,,,
dishwasher,D,IH,SH,W,AA,SH,ER,,,,
footstool,F,UH,T,S,T,UW,L,,,,
canopy,K,AE,N,AH,P,IY,,,,,
carpet,K,AA,R,P,AH,T,,,,,
vault,V,AO,L,T,,,,,,,
conditioner,K,AH,N,D,IH,SH,AH,N,ER,,
washcloth,W,AA,SH,K,L,AO,TH,,,,
handrail,HH,AE,N,D,R,EY,L,,,,
griddle,G,R,IH,D,AH,L,,,,,
camcorder,K,AE,M,K,AO,R,D,ER,,,
microwave,M,AY,K,R,AH,W,EY,V,,,
dumpster,D,AH,M,P,S,T,ER,,,,
film,F,IH,L,M,,,,,,,
sponge,S,P,AH,N,JH,,,,,,
dryer,D,R,AY,ER,,,,,,,
cigar,S,IH,G,AA,R,,,,,,
rattle,R,AE,T,AH,L,,,,,,
container,K,AH,N,T,EY,N,ER,,,,
dolly,D,AA,L,IY,,,,,,,
jail,JH,EY,L,,,,,,,,
washboard,W,AA,SH,B,AO,R,D,,,,
saucer,S,AO,S,ER,,,,,,,
nickel,N,IH,K,AH,L,,,,,,
bathroom,B,AE,TH,R,UW,M,,,,,
banner,B,AE,N,ER,,,,,,,
projector,P,R,AA,JH,EH,K,T,ER,,,
clothes,K,L,OW,DH,Z,,,,,,
rack,R,AE,K,,,,,,,,
lid,L,IH,D,,,,,,,,
colander,K,AA,L,AH,N,D,ER,,,,
torch,T,AO,R,CH,,,,,,,
bolt,B,OW,L,T,,,,,,,
cigarette,S,IH,G,AH,R,EH,T,,,,
whisk,W,IH,S,K,,,,,,,
plunger,P,L,AH,N,JH,ER,,,,,
poison,P,OY,Z,AH,N,,,,,,
syringe,S,ER,IH,N,JH,,,,,,
wok,W,AA,K,,,,,,,,
ink,IH,NG,K,,,,,,,,
barrette,B,ER,EH,T,,,,,,,
textbook,T,EH,K,S,T,B,UH,K,,,
sculpture,S,K,AH,L,P,CH,ER,,,,
glass,G,L,AE,S,,,,,,,
table,T,EY,B,AH,L,,,,,,
socket,S,AA,K,AH,T,,,,,,
speaker,S,P,IY,K,ER,,,,,,
grater,G,R,EY,T,ER,,,,,,
fabric,F,AE,B,R,IH,K,,,,,
corer,K,OW,R,ER,,,,,,,
staples,S,T,EY,P,AH,L,Z,,,,
lunchbox,L,AH,N,CH,B,AA,K,S,,,
pincushion,P,IH,N,K,UH,SH,AH,N,,,
cloth,K,L,AO,TH,,,,,,,
floss,F,L,AA,S,,,,,,,
sprinkler,S,P,R,IH,NG,K,L,ER,,,
charcoal,CH,AA,R,K,OW,L,,,,,
deck,D,EH,K,,,,,,,,
tiara,T,IY,AA,R,AH,,,,,,
bridge,B,R,IH,JH,,,,,,,
birdbath,B,ER,D,B,AE,TH,,,,,
tomb,T,UW,M,,,,,,,,
eskimo,EH,S,K,AH,M,OW,,,,,
ocean,OW,SH,AH,N,,,,,,,
waterslide,W,AO,T,ER,S,L,AY,D,,,
conductor,K,AH,N,D,AH,K,T,ER,,,
sidewalk,S,AY,D,W,AO,K,,,,,
column,K,AA,L,AH,M,,,,,,
lean-to,L,IY,N,T,UW,,,,,,
organ,AO,R,G,AH,N,,,,,,
ukulele,Y,UW,K,AH,L,EY,L,IY,,,
mandolin,M,AE,N,D,AH,L,IH,N,,,
singer,S,IH,NG,ER,,,,,,,
piano,P,IY,AE,N,OW,,,,,,
tiller,T,IH,L,ER,,,,,,,
cymbals,S,IH,M,B,AH,L,Z,,,,
harmonica,HH,AA,R,M,AA,N,IH,K,AH,,
chestnut,CH,EH,S,N,AH,T,,,,,
leaf,L,IY,F,,,,,,,,
sun,S,AH,N,,,,,,,,
tumbleweed,T,AH,M,B,AH,L,W,IY,D,,
ashes,AE,SH,IH,Z,,,,,,,
mulch,M,AH,L,CH,,,,,,,
tornado,T,AO,R,N,EY,D,OW,,,,
moss,M,AO,S,,,,,,,,
earth,ER,TH,,,,,,,,,
appletree,AE,P,AH,L,T,R,IY,,,,
forest,F,AO,R,AH,S,T,,,,,
snow,S,N,OW,,,,,,,,
pebble,P,EH,B,AH,L,,,,,,
hydrangea,HH,IH,D,R,AE,N,JH,IY,AH,,
soot,S,UH,T,,,,,,,,
tile,T,AY,L,,,,,,,,
nurse,N,ER,S,,,,,,,,
scientist,S,AY,AH,N,T,IH,S,T,,,
fairy,F,EH,R,IY,,,,,,,
armor,AA,R,M,ER,,,,,,,
teacher,T,IY,CH,ER,,,,,,,
choir,K,W,AY,ER,,,,,,,
tablet,T,AE,B,L,AH,T,,,,,
elf,EH,L,F,,,,,,,,
ammunition,AE,M,Y,AH,N,IH,SH,AH,N,,
buffet,B,AH,F,AH,T,,,,,,
holster,HH,OW,L,S,T,ER,,,,,
mascara,M,AE,S,K,EH,R,AH,,,,
weight,W,EY,T,,,,,,,,
machete,M,AH,SH,EH,T,IY,,,,,
bit,B,IH,T,,,,,,,,
joint,JH,OY,N,T,,,,,,,
seed,S,IY,D,,,,,,,,
canvas,K,AE,N,V,AH,S,,,,,
crowbar,K,R,OW,B,AA,R,,,,,
toolbox,T,UW,L,B,AO,K,S,,,,
trowel,T,R,AW,W,EH,L,,,,,
sickle,S,IH,K,AH,L,,,,,,
compass,K,AH,M,P,AH,S,,,,,
periscope,P,EH,R,AH,S,K,OW,P,,,
bullet,B,UH,L,AH,T,,,,,,
cellophane,S,EH,L,AH,F,EY,N,,,,
whiskey,W,IH,S,K,IY,,,,,,
grenade,G,R,AH,N,EY,D,,,,,
harness,HH,AA,R,N,AH,S,,,,,
checkers,CH,EH,K,ER,Z,,,,,,
marble,M,AA,R,B,AH,L,,,,,
flail,F,L,EY,L,,,,,,,
plaque,P,L,AE,K,,,,,,,
nunchucks,N,AH,N,CH,AH,K,S,,,,
frisbee,F,R,IH,S,B,IY,,,,,
ferry,F,EH,R,IY,,,,,,,
carriage,K,AE,R,IH,JH,,,,,,
surfboard,S,ER,F,B,AO,R,D,,,,
planet,P,L,AE,N,AH,T,,,,,
wagon,W,AE,G,AH,N,,,,,,
hopscotch,HH,AA,P,S,K,AA,CH,,,,
windshield,W,IH,N,D,SH,IY,L,D,,,
battleship,B,AE,T,AH,L,SH,IH,P,,,
drone,D,R,OW,N,,,,,,,
innertube,IH,N,ER,T,UW,B,,,,,
subway,S,AH,B,W,EY,,,,,,
trapeze,T,R,AH,P,IY,Z,,,,,
fender,F,EH,N,D,ER,,,,,,
shed,SH,EH,D,,,,,,,,
hospital,HH,AA,S,P,IH,T,AH,L,,,
license,L,AY,S,AH,N,S,,,,,
cast,K,AE,S,T,,,,,,,
sash,S,AE,SH,,,,,,,,
underwear,AH,N,D,ER,W,EH,R,,,,
dial,D,AY,AH,L,,,,,,,
scarf,S,K,AA,R,F,,,,,,
onesie,W,AH,N,Z,IY,,,,,,
bracelet,B,R,EY,S,L,AH,T,,,,
cell,S,EH,L,,,,,,,,
earmuffs,IH,R,M,AH,F,S,,,,,
laces,L,EY,S,AH,Z,,,,,,
shield,SH,IY,L,D,,,,,,,
goggles,G,AA,G,AH,L,Z,,,,,
suspenders,S,AH,S,P,EH,N,D,ER,Z,,
money,M,AH,N,IY,,,,,,,
robe,R,OW,B,,,,,,,,
blouse,B,L,AW,S,,,,,,,
sneaker,S,N,IY,K,ER,,,,,,
quilt,K,W,IH,L,T,,,,,,
cufflinks,K,AH,F,L,IH,NG,K,S,,,
chauffeur,SH,OW,F,ER,,,,,,,
poinsettia,P,OY,N,S,EH,T,IY,AH,,,
sledgehammer,S,L,EH,JH,HH,AE,M,ER,,,
wasabi,W,AA,S,AH,B,IY,,,,,
guacamole,G,W,AA,K,AH,M,OW,L,IY,,
kneepads,N,IY,P,AE,D,Z,,,,,
wetsuit,W,EH,T,S,UW,T,,,,,
crossbow,K,R,AO,S,B,OW,,,,,
centerpiece,S,EH,N,T,ER,P,IY,S,,,
fondue,F,AA,N,D,Y,UW,,,,,
barbecue,B,AA,R,B,IH,K,Y,UW,,,
brush,B,R,AH,SH,,,,,,,
telephone,T,EH,L,AH,F,OW,N,,,,
guitar,G,IH,T,AA,R,,,,,,
ant,AE,N,T,,,,,,,,
crab,K,R,AE,B,,,,,,,
tiger,T,AY,G,ER,,,,,,,
car,K,AA,R,,,,,,,,
hamburger,HH,AE,M,B,ER,G,ER,,,,
strawberry,S,T,R,AO,B,EH,R,IY,,,
boot,B,UW,T,,,,,,,,
anchor,AE,NG,K,ER,,,,,,,
bed,B,EH,D,,,,,,,,
bench,B,EH,N,CH,,,,,,,
chair,CH,EH,R,,,,,,,,
chimney,CH,IH,M,N,IY,,,,,,
desk,D,EH,S,K,,,,,,,
door,D,AO,R,,,,,,,,
lamp,L,AE,M,P,,,,,,,
toilet,T,OY,L,AH,T,,,,,,
basket,B,AE,S,K,AH,T,,,,,
book,B,UH,K,,,,,,,,
bowl,B,OW,L,,,,,,,,
broom,B,R,UW,M,,,,,,,
camera,K,AE,M,ER,AH,,,,,,
can,K,AE,N,,,,,,,,
candle,K,AE,N,D,AH,L,,,,,
clock,K,L,AA,K,,,,,,,
comb,K,OW,M,,,,,,,,
flashlight,F,L,AE,SH,L,AY,T,,,,
fork,F,AO,R,K,,,,,,,
key,K,IY,,,,,,,,,
knife,N,AY,F,,,,,,,,
pen,P,EH,N,,,,,,,,
pencil,P,EH,N,S,AH,L,,,,,
pipe,P,AY,P,,,,,,,,
rake,R,EY,K,,,,,,,,
ruler,R,UW,L,ER,,,,,,,
scale,S,K,EY,L,,,,,,,
scissors,S,IH,Z,ER,Z,,,,,,
spoon,S,P,UW,N,,,,,,,
church,CH,ER,CH,,,,,,,,
cross,K,R,AO,S,,,,,,,
house,HH,AW,S,,,,,,,,
pyramid,P,IH,R,AH,M,IH,D,,,,
tent,T,EH,N,T,,,,,,,
well,W,EH,L,,,,,,,,
cannon,K,AE,N,AH,N,,,,,,
drum,D,R,AH,M,,,,,,,
harp,HH,AA,R,P,,,,,,,
whistle,W,IH,S,AH,L,,,,,,
hammer,HH,AE,M,ER,,,,,,,
hose,HH,OW,Z,,,,,,,,
nail,N,EY,L,,,,,,,,
rope,R,OW,P,,,,,,,,
saw,S,AO,,,,,,,,,
microscope,M,AY,K,R,AH,S,K,OW,P,,
stethoscope,S,T,EH,TH,AH,S,K,OW,P,,
ball,B,AO,L,,,,,,,,
balloon,B,AH,L,UW,N,,,,,,
bell,B,EH,L,,,,,,,,
binoculars,B,AH,N,AA,K,Y,AH,L,ER,Z,
football,F,UH,T,B,AO,L,,,,,
kite,K,AY,T,,,,,,,,
saddle,S,AE,D,AH,L,,,,,,
top,T,AA,P,,,,,,,,
baby,B,EY,B,IY,,,,,,,
clown,K,L,AW,N,,,,,,,
cowboy,K,AW,B,OY,,,,,,,
fireman,F,AY,R,M,AH,N,,,,,
ghost,G,OW,S,T,,,,,,,
king,K,IH,NG,,,,,,,,
man,M,AE,N,,,,,,,,
pirate,P,AY,R,AH,T,,,,,,
queen,K,W,IY,N,,,,,,,
sailor,S,EY,L,ER,,,,,,,
bat,B,AE,T,,,,,,,,
butterfly,B,AH,T,ER,F,L,AY,,,,
camel,K,AE,M,AH,L,,,,,,
cat,K,AE,T,,,,,,,,
cow,K,AW,,,,,,,,,
dog,D,AO,G,,,,,,,,
dragon,D,R,AE,G,AH,N,,,,,
duck,D,AH,K,,,,,,,,
elephant,EH,L,AH,F,AH,N,T,,,,
goat,G,OW,T,,,,,,,,
horse,HH,AO,R,S,,,,,,,
lion,L,AY,AH,N,,,,,,,
monkey,M,AH,NG,K,IY,,,,,,
octopus,AA,K,T,AH,P,UH,S,,,,
owl,AW,L,,,,,,,,,
pig,P,IH,G,,,,,,,,
seal,S,IY,L,,,,,,,,
snail,S,N,EY,L,,,,,,,
spider,S,P,AY,D,ER,,,,,,
squirrel,S,K,W,ER,AH,L,,,,,
turkey,T,ER,K,IY,,,,,,,
zebra,Z,IY,B,R,AH,,,,,,
beard,B,IH,R,D,,,,,,,
ear,IY,R,,,,,,,,,
eye,AY,,,,,,,,,,
foot,F,UH,T,,,,,,,,
hair,HH,EH,R,,,,,,,,
hand,HH,AE,N,D,,,,,,,
heart,HH,AA,R,T,,,,,,,
nose,N,OW,Z,,,,,,,,
wig,W,IH,G,,,,,,,,
bus,B,AH,S,,,,,,,,
helicopter,HH,EH,L,IH,K,AA,P,T,ER,,
skis,S,K,IY,Z,,,,,,,
tractor,T,R,AE,K,T,ER,,,,,
train,T,R,EY,N,,,,,,,
apple,AE,P,AH,L,,,,,,,
banana,B,AH,N,AE,N,AH,,,,,
bread,B,R,EH,D,,,,,,,
cake,K,EY,K,,,,,,,,
carrot,K,AE,R,AH,T,,,,,,
celery,S,EH,L,ER,IY,,,,,,
grapes,G,R,EY,P,S,,,,,,
pear,P,EH,R,,,,,,,,
pumpkin,P,AH,M,P,K,IH,N,,,,
sandwich,S,AE,N,D,W,IH,CH,,,,
belt,B,EH,L,T,,,,,,,
cane,K,EY,N,,,,,,,,
crown,K,R,AW,N,,,,,,,
glove,G,L,AH,V,,,,,,,
necklace,N,EH,K,L,AH,S,,,,,
ring,R,IH,NG,,,,,,,,
shoe,SH,UW,,,,,,,,,
sock,S,AA,K,,,,,,,,
zipper,Z,IH,P,ER,,,,,,,
letter,L,EH,T,ER,,,,,,,
map,M,AE,P,,,,,,,,
flower,F,L,AW,ER,,,,,,,
mountain,M,AW,N,T,AH,N,,,,,
tree,T,R,IY,,,,,,,,
volcano,V,AA,L,K,EY,N,OW,,,,
,,,,,,,,,,,
