ant,AE,N,T,,,,,,,,,,,
bear,B,AE,ER,,,,,,,,,,,
beaver,B,IY,V,ER,,,,,,,,,,
bee,B,IY,,,,,,,,,,,,
bird,B,ER,D,,,,,,,,,,,
bug,B,AH,G,,,,,,,,,,,
chicken,CH,IH,K,AH,N,,,,,,,,,
deer,D,IH,ER,,,,,,,,,,,
dolphin,D,AA,L,F,AH,N,,,,,,,,
donkey,D,AA,NG,K,IY,,,,,,,,,
eagle,IY,G,AH,L,,,,,,,,,,
fly,F,L,AY,,,,,,,,,,,
giraffe,JH,IH,R,AH,F,,,,,,,,,
gorilla,G,AH,R,IH,L,AH,,,,,,,,
grasshopper,G,R,AE,S,HH,AA,P,ER,,,,,,
hippo,HH,IH,P,OW,,,,,,,,,,
kangaroo,K,AE,N,G,AH,R,UW,,,,,,,
ladybug,L,EY,D,IY,B,AH,G,,,,,,,
leopard,L,EH,P,ER,D,,,,,,,,,
lizard,L,IH,Z,ER,D,,,,,,,,,
llama,L,AE,M,AH,,,,,,,,,,
lobster,L,AA,B,S,T,ER,,,,,,,,
moose,M,UW,Z,,,,,,,,,,,
mosquito,M,AH,S,K,IY,T,OW,,,,,,,
mouse,M,AW,S,,,,,,,,,,,
ostrich,AA,S,T,R,AH,CH,,,,,,,,
panda,P,AE,N,D,AH,,,,,,,,,
parrot,P,AE,R,AH,T,,,,,,,,,
peacock,P,IY,K,AA,K,,,,,,,,,
pelican,P,IY,L,IH,S,AH,N,,,,,,,
penguin,P,EH,N,G,W,AH,N,,,,,,,
porcupine,P,AO,R,K,Y,AH,P,AY,N,,,,,
rabbit,R,AE,B,AH,T,,,,,,,,,
raccoon,R,AE,K,UW,N,,,,,,,,,
rhinoceros,R,AY,N,AA,S,AH,R,AH,S,,,,,
rooster,R,UW,S,T,ER,,,,,,,,,
scorpion,S,K,AO,R,P,IY,AH,N,,,,,,
seahorse,S,IY,HH,AO,R,S,,,,,,,,
shark,SH,AA,R,K,,,,,,,,,,
sheep,SH,IY,P,,,,,,,,,,,
shell,SH,EH,L,,,,,,,,,,,
skunk,S,K,AH,NG,K,,,,,,,,,
swan,S,W,AA,N,,,,,,,,,,
turtle,T,ER,T,AH,L,,,,,,,,,
unicorn,Y,UW,N,IH,K,AO,R,N,,,,,,
walrus,W,AA,L,R,AH,S,,,,,,,,
wolf,W,UH,L,F,,,,,,,,,,
worm,W,ER,M,,,,,,,,,,,
antlers,AE,N,T,L,ER,Z,,,,,,,,
arm,AA,R,M,,,,,,,,,,,
chest,CH,EH,S,T,,,,,,,,,,
feather,F,EH,DH,ER,,,,,,,,,,
finger,F,IH,NG,G,ER,,,,,,,,,
hoof,HH,UW,F,,,,,,,,,,,
leg,L,EH,G,,,,,,,,,,,
lips,L,IH,P,S,,,,,,,,,,
neck,N,EH,K,,,,,,,,,,,
paw,P,AO,,,,,,,,,,,,
shoulder,SH,OW,L,D,ER,,,,,,,,,
skeleton,S,K,EH,L,AH,T,AH,N,,,,,,
tail,T,EY,L,,,,,,,,,,,
tear,T,IH,ER,,,,,,,,,,,
teeth,T,IY,TH,,,,,,,,,,,
thumb,TH,AH,M,,,,,,,,,,,
toe,T,OW,,,,,,,,,,,,
wing,W,IH,NG,,,,,,,,,,,
artichoke,AA,R,T,AH,CH,OW,K,,,,,,,
asparagus,AH,S,P,AE,R,AH,G,AH,S,,,,,
butter,B,AH,T,ER,,,,,,,,,,
cheese,CH,IY,Z,,,,,,,,,,,
cherry,CH,EH,R,IY,,,,,,,,,,
cookie,K,UH,K,IY,,,,,,,,,,
crackers,K,R,AE,K,ER,Z,,,,,,,,
egg,EH,G,,,,,,,,,,,,
icecreamcone,AY,S,K,R,IY,M,K,OW,N,,,,,
lemon,L,EH,M,AH,N,,,,,,,,,
lettuce,L,EH,T,Y,UW,S,,,,,,,,
mushroom,M,AH,SH,R,UH,M,,,,,,,,
nut,N,AH,T,,,,,,,,,,,
onion,AH,N,Y,AH,N,,,,,,,,,
orange,AO,R,IH,N,JH,,,,,,,,,
peach,P,IY,CH,,,,,,,,,,,
peanut,P,IY,N,AH,T,,,,,,,,,
peas,P,IY,Z,,,,,,,,,,,
pizza,P,IY,T,S,AH,,,,,,,,,
popcorn,P,AA,P,K,AO,R,N,,,,,,,
popsicle,P,AA,P,S,AH,K,AH,L,,,,,,
potato,P,AH,T,EY,T,OW,,,,,,,,
radish,R,AE,D,IH,SH,,,,,,,,,
salt,S,AO,L,T,,,,,,,,,,
spaghetti,S,P,AH,G,EH,T,IY,,,,,,,
tomato,T,AH,M,EY,T,OW,,,,,,,,
waffle,W,AA,F,AH,L,,,,,,,,,
walnut,W,AO,L,N,AH,T,,,,,,,,
watermelon,W,AO,T,ER,M,EH,L,AH,N,,,,,
wheat,W,IY,T,,,,,,,,,,,
wine,W,AY,N,,,,,,,,,,,
grill,G,R,IH,L,,,,,,,,,,
bathtub,B,AE,TH,T,AH,B,,,,,,,,
bricks,B,R,IH,K,S,,,,,,,,,
couch,K,AW,CH,,,,,,,,,,,
crib,K,R,IH,B,,,,,,,,,,
curtains,K,ER,T,AH,N,Z,,,,,,,,
drawer,D,R,AO,R,,,,,,,,,,
dresser,D,R,EH,S,ER,,,,,,,,,
fence,F,EH,N,S,,,,,,,,,,
fishtank,F,IH,SH,T,AE,NG,K,,,,,,,
floor,F,L,OW,R,,,,,,,,,,
hammock,HH,AE,M,AH,K,,,,,,,,,
highchair,HH,AY,CH,EH,ER,,,,,,,,,
ironingboard,AY,ER,N,IH,NG,B,OW,R,D,,,,,
ladder,L,AE,D,ER,,,,,,,,,,
lawnmower,L,AO,N,M,AW,ER,,,,,,,,
mailbox,M,EY,L,B,AA,K,S,,,,,,,
mirror,M,IH,R,ER,,,,,,,,,,
pillar,P,IH,L,ER,,,,,,,,,,
recordplayer,R,IH,K,AO,R,D,P,L,EY,ER,,,,
refrigerator,R,IH,F,R,IH,JH,ER,AH,T,ER,,,,
rockingchair,R,AA,K,IH,NG,CH,EH,ER,,,,,,
roof,R,UW,F,,,,,,,,,,,
rug,R,AH,G,,,,,,,,,,,
safe,S,EY,F,,,,,,,,,,,
sewingmachine,S,OW,IH,NG,M,AH,SH,IY,N,,,,,
shower,SH,AW,ER,,,,,,,,,,,
sink,S,IH,NG,K,,,,,,,,,,
stairs,S,T,EH,R,Z,,,,,,,,,
stool,S,T,UW,L,,,,,,,,,,
stove,S,T,OW,V,,,,,,,,,,
taperecorder,T,EY,P,R,IH,K,AO,R,D,ER,,,,
toaster,T,OW,S,T,ER,,,,,,,,,
trashcan,T,R,AE,SH,K,AE,N,,,,,,,
tv,T,IY,V,IY,,,,,,,,,,
vacuum,V,AE,K,Y,UW,M,,,,,,,,
washingmachine,W,AA,SH,IH,NG,M,AH,SH,IY,N,,,,
ashtray,AE,SH,T,R,EY,,,,,,,,,
block,B,L,AA,K,,,,,,,,,,
bottle,B,AA,T,AH,L,,,,,,,,,
box,B,AA,K,S,,,,,,,,,,
bucket,B,AH,K,AH,T,,,,,,,,,
cage,K,EY,JH,,,,,,,,,,,
canopener,K,AE,N,OW,P,AH,N,ER,,,,,,
clothespin,K,L,OW,DH,S,P,IH,N,,,,,,
cork,K,AO,R,K,,,,,,,,,,
cup,K,AH,P,,,,,,,,,,,
dime,D,AY,M,,,,,,,,,,,
dustpan,D,AH,S,T,P,AE,N,,,,,,,
faucet,F,AO,S,AH,T,,,,,,,,,
flag,F,L,AE,G,,,,,,,,,,
funnel,F,AH,N,AH,L,,,,,,,,,
globe,G,L,OW,B,,,,,,,,,,
hanger,HH,AE,NG,ER,,,,,,,,,,
hook,HH,UH,K,,,,,,,,,,,
jar,JH,AA,R,,,,,,,,,,,
ladle,L,EY,D,AH,L,,,,,,,,,
lightbulb,L,AY,T,B,AH,L,B,,,,,,,
lightswitch,L,AY,T,S,W,IH,CH,,,,,,,
lock,L,AA,K,,,,,,,,,,,
match,M,AE,CH,,,,,,,,,,,
mixer,M,IH,K,S,ER,,,,,,,,,
mop,M,AA,P,,,,,,,,,,,
mousetrap,M,AW,S,T,R,AE,P,,,,,,,
needle,N,IY,D,AH,L,,,,,,,,,
pan,P,AE,N,,,,,,,,,,,
paper,P,EY,P,ER,,,,,,,,,,
paperclip,P,EY,P,ER,K,L,IH,P,,,,,,
pencilsharpener,P,EH,N,S,AH,L,SH,AA,R,P,AH,N,ER,
picture,P,IH,K,CH,ER,,,,,,,,,
piggybank,P,IH,G,IY,B,AE,NG,K,,,,,,
pitcher,P,IH,CH,ER,,,,,,,,,,
plate,P,L,EY,T,,,,,,,,,,
plug,P,L,AH,G,,,,,,,,,,
pot,P,AA,T,,,,,,,,,,,
radio,R,EY,D,IY,OW,,,,,,,,,
razor,R,EY,Z,ER,,,,,,,,,,
rollingpin,R,OW,L,IH,NG,P,IH,N,,,,,,
safetypin,S,EY,F,T,IY,P,IH,N,,,,,,
spatula,S,P,AE,T,Y,UW,L,AH,,,,,,
suitcase,S,UW,T,K,EY,S,,,,,,,,
tape,T,EY,P,,,,,,,,,,,
teapot,T,IY,P,AA,T,,,,,,,,,
thermos,TH,ER,M,AH,S,,,,,,,,,
thimble,TH,IH,M,B,AH,L,,,,,,,,
thread,TH,R,EH,D,,,,,,,,,,
toothbrush,T,UW,TH,B,R,AH,SH,,,,,,,
trash,T,R,AE,SH,,,,,,,,,,
tweezers,T,W,IY,Z,ER,Z,,,,,,,,
wateringcan,W,AO,T,ER,IH,NG,K,AE,N,,,,,
gas,G,AE,S,,,,,,,,,,,
balcony,B,AE,L,K,AH,N,IY,,,,,,,
carousel,K,AH,R,AW,S,AH,L,,,,,,,
castle,K,AE,S,AH,L,,,,,,,,,
city,S,IH,T,IY,,,,,,,,,,
firehydrant,F,IH,R,AH,HH,IH,D,R,AH,N,T,,,
fountain,F,AW,N,T,AH,N,,,,,,,,
grave,G,R,EY,V,,,,,,,,,,
igloo,IH,G,L,UW,,,,,,,,,,
lighthouse,L,AY,T,HH,AW,S,,,,,,,,
pool,P,UW,L,,,,,,,,,,,
railroadtracks,R,EY,L,R,OW,D,T,R,AE,K,S,,,
road,R,OW,D,,,,,,,,,,,
statue,S,T,AE,CH,UW,,,,,,,,,
stoplight,S,T,AA,P,L,AY,T,,,,,,,
teepee,T,IY,P,IY,,,,,,,,,,
windmill,W,IH,N,D,M,IH,L,,,,,,,
accordion,AH,K,AO,R,D,IY,AH,N,,,,,,
banjo,B,AE,N,JH,OW,,,,,,,,,
flute,F,L,UW,T,,,,,,,,,,
microphone,M,AY,K,R,OW,F,OW,N,,,,,,
music,M,Y,UW,Z,IH,K,,,,,,,,
pitchfork,P,IH,CH,F,AO,R,K,,,,,,,
trumpet,T,R,AH,M,P,AH,T,,,,,,,
violin,V,AY,AH,L,IH,N,,,,,,,,
acorn,EY,K,AO,R,N,,,,,,,,,
branch,B,R,AE,N,CH,,,,,,,,,
cactus,K,AE,K,T,AH,S,,,,,,,,
cloud,K,L,AW,D,,,,,,,,,,
desert,D,EH,Z,ER,T,,,,,,,,,
fire,F,AY,ER,,,,,,,,,,,
hay,HH,EY,,,,,,,,,,,,
lightning,L,AY,T,N,IH,NG,,,,,,,,
log,L,AA,G,,,,,,,,,,,
moon,M,UW,N,,,,,,,,,,,
nest,N,EH,S,T,,,,,,,,,,
palmtree,P,AA,M,T,R,IY,,,,,,,,
pinecone,P,AY,N,K,OW,N,,,,,,,,
rain,R,EY,N,,,,,,,,,,,
rainbow,R,EY,N,B,AW,,,,,,,,,
rock,R,AA,K,,,,,,,,,,,
rose,R,OW,Z,,,,,,,,,,,
smoke,S,M,OW,K,,,,,,,,,,
spiderweb,S,P,AY,D,ER,W,EH,B,,,,,,
wood,W,UH,D,,,,,,,,,,,
boy,B,OY,,,,,,,,,,,,
dentist,D,EH,N,T,IH,S,T,,,,,,,
doctor,D,AA,K,T,ER,,,,,,,,,
genie,JH,IY,N,IY,,,,,,,,,,
girl,G,ER,L,,,,,,,,,,,
knight,N,AY,T,,,,,,,,,,,
policeman,P,AH,L,IY,S,M,AE,N,,,,,,
priest,P,R,IY,S,T,,,,,,,,,
robot,R,OW,B,AA,T,,,,,,,,,
snowman,S,N,OW,M,AE,N,,,,,,,,
soldier,S,OW,L,JH,ER,,,,,,,,,
waiter,W,EY,T,ER,,,,,,,,,,
witch,W,IH,CH,,,,,,,,,,,
woman,W,UH,M,AH,N,,,,,,,,,
gun,G,AH,N,,,,,,,,,,,
lipstick,L,IH,P,S,T,IH,K,,,,,,,
package,P,AE,S,IH,JH,,,,,,,,,
present,P,R,EH,Z,AH,N,T,,,,,,,
anvil,AE,N,V,AH,L,,,,,,,,,
ax,AE,K,S,,,,,,,,,,,
chain,CH,EY,N,,,,,,,,,,,
clamp,K,L,AE,M,P,,,,,,,,,
drill,D,R,IH,L,,,,,,,,,,
hinge,HH,IH,N,JH,,,,,,,,,,
hoe,HH,OW,,,,,,,,,,,,
jack,JH,AE,K,,,,,,,,,,,
paint,P,EY,N,T,,,,,,,,,,
paintbrush,P,EY,N,T,B,R,AH,SH,,,,,,
pliers,P,L,AY,ER,Z,,,,,,,,,
screw,S,K,R,UW,,,,,,,,,,
screwdriver,S,K,R,UW,D,R,AY,V,ER,,,,,
shovel,SH,AH,V,AH,L,,,,,,,,,
wrench,R,EH,N,CH,,,,,,,,,,
corkscrew,K,AO,R,K,S,K,R,UW,,,,,,
magnet,M,AE,G,N,AH,T,,,,,,,,
telescope,T,EH,L,AH,S,K,OW,P,,,,,,
arrow,AE,R,OW,,,,,,,,,,,
bag,B,AE,G,,,,,,,,,,,
barrel,B,AE,R,AH,L,,,,,,,,,
bomb,B,AA,M,,,,,,,,,,,
doll,D,AA,L,,,,,,,,,,,
fishingpole,F,IH,SH,IH,NG,P,OW,L,,,,,,
jumprope,JH,AH,M,P,R,OW,P,,,,,,,
knot,N,AA,T,,,,,,,,,,,
net,N,EH,T,,,,,,,,,,,
puzzle,P,AH,Z,AH,L,,,,,,,,,
slingshot,S,L,IH,NG,SH,AA,T,,,,,,,
sword,S,OW,R,D,,,,,,,,,,
tennisracket,T,EH,N,AH,S,R,AE,K,AH,T,,,,
tripod,T,R,AY,P,AA,D,,,,,,,,
trophy,T,R,OW,F,IY,,,,,,,,,
whip,W,IH,P,,,,,,,,,,,
yoyo,Y,OY,OW,,,,,,,,,,,
airplane,AH,IH,R,P,L,EY,N,,,,,,,
bicycle,B,AY,S,IH,K,AH,L,,,,,,,
blimp,B,L,IH,M,P,,,,,,,,,
boat,B,OW,T,,,,,,,,,,,
canoe,K,AH,N,UW,,,,,,,,,,
firetruck,F,AY,ER,T,R,AH,K,,,,,,,
motorcycle,M,OW,T,ER,S,AY,K,AH,L,,,,,
parachute,P,AE,R,AH,SH,UW,T,,,,,,,
rocket,R,AA,K,AH,T,,,,,,,,,
rollerskate,R,OW,L,ER,S,K,EY,T,,,,,,
sailboat,S,EY,L,B,OW,T,,,,,,,,
seesaw,S,IY,S,AO,,,,,,,,,,
skateboard,S,K,EY,T,B,OW,R,D,,,,,,
sled,S,L,EH,D,,,,,,,,,,
slide,S,L,AY,D,,,,,,,,,,
steeringwheel,S,T,IH,ER,IH,NG,W,IY,L,,,,,
stroller,S,T,R,OW,L,ER,,,,,,,,
submarine,S,AH,B,M,AH,R,IY,N,,,,,,
swing,S,W,IH,NG,,,,,,,,,,
tank,T,AE,NG,K,,,,,,,,,,
tire,T,AY,ER,,,,,,,,,,,
truck,T,R,AH,K,,,,,,,,,,
unicycle,Y,UW,N,IH,S,AY,K,AH,L,,,,,
wheel,W,IY,L,,,,,,,,,,,
wheelbarrow,W,IY,L,B,AE,R,OW,,,,,,,
wheelchair,W,IY,L,CH,EH,ER,,,,,,,,
backpack,B,AE,K,P,AE,K,,,,,,,,
badge,B,AE,JH,,,,,,,,,,,
bandaid,B,AE,N,D,EY,D,,,,,,,,
bow,B,AW,,,,,,,,,,,,
bra,B,R,AA,,,,,,,,,,,
button,B,AH,T,AH,N,,,,,,,,,
coat,K,OW,T,,,,,,,,,,,
diaper,D,AY,P,ER,,,,,,,,,,
dress,D,R,EH,S,,,,,,,,,,
earring,IH,ER,IH,NG,,,,,,,,,,
glasses,G,L,AE,S,IH,Z,,,,,,,,
handcuffs,HH,AE,N,D,K,AH,F,S,,,,,,
hat,HH,AE,T,,,,,,,,,,,
heel,HH,IY,L,,,,,,,,,,,
helmet,HH,EH,L,M,AH,T,,,,,,,,
jacket,JH,AE,K,AH,T,,,,,,,,,
mask,M,AE,S,K,,,,,,,,,,
medal,M,EH,D,AH,L,,,,,,,,,
pants,P,AE,N,T,S,,,,,,,,,
purse,P,ER,S,,,,,,,,,,,
shirt,SH,ER,T,,,,,,,,,,,
skirt,S,K,ER,T,,,,,,,,,,
slipper,S,L,IH,P,ER,,,,,,,,,
stocking,S,T,AA,K,IH,NG,,,,,,,,
sweater,S,W,EH,T,ER,,,,,,,,,
tie,T,AY,,,,,,,,,,,,
umbrella,AH,M,B,R,EH,L,AH,,,,,,,
wallet,W,AA,L,AH,T,,,,,,,,,
watch,W,AA,CH,,,,,,,,,,,
bartender,B,AA,R,T,EH,N,D,ER,,,,,,
mistletoe,M,IH,S,T,L,EH,T,OW,,,,,,
jackhammer,JH,AE,K,HH,AE,M,ER,,,,,,,
chopsticks,CH,AA,P,S,T,IH,K,S,,,,,,
moccasins,M,AA,K,AH,S,AH,N,Z,,,,,,
salsa,S,AE,L,S,AH,,,,,,,,,
boxinggloves,B,AA,K,S,IH,NG,G,L,AH,V,Z,,,
camouflage,K,AE,M,AH,F,L,AA,ZH,,,,,,
dartboard,D,AA,R,T,B,OW,R,D,,,,,,
bride,B,R,AY,D,,,,,,,,,,
gravy,G,R,EY,V,IY,,,,,,,,,
fox,F,AA,K,S,,,,,,,,,,
star,S,T,AA,R,,,,,,,,,,
pineapple,P,AY,N,AE,P,AH,L,,,,,,,
envelope,EH,N,V,AH,L,OW,P,,,,,,,
lemonade,L,EH,M,AH,N,EY,D,,,,,,,
yam,Y,AE,M,,,,,,,,,,,
sushi,S,AH,SH,IY,,,,,,,,,,
squash,S,K,W,AA,SH,,,,,,,,,
scallions,S,K,AE,L,IY,AH,N,Z,,,,,,
plumber,P,L,AH,M,ER,,,,,,,,,
binder,B,AY,N,D,ER,,,,,,,,,
wand,W,AA,N,D,,,,,,,,,,
stapler,S,T,EY,P,AH,L,ER,,,,,,,
battery,B,AE,T,AH,R,IY,,,,,,,,
garbage,G,AA,R,B,IH,JH,,,,,,,,
pinwheel,P,IH,N,W,IY,L,,,,,,,,
kettle,K,EH,T,AH,L,,,,,,,,,
Santa,S,AE,N,T,AH,,,,,,,,,
jetski,JH,EH,T,S,K,IY,,,,,,,,
coffee,K,AO,F,IY,,,,,,,,,,
maracas,M,AE,R,AH,K,AH,Z,,,,,,,
pope,P,OW,P,,,,,,,,,,,
hairdresser,HH,EH,R,D,R,EH,S,ER,,,,,,
nightlight,N,AY,T,L,AY,T,,,,,,,,
nursery,N,ER,S,AH,R,IY,,,,,,,,
barbell,B,AA,R,B,EH,L,,,,,,,,
dancer,D,AE,N,S,ER,,,,,,,,,
gym ,",,,,,,,,,",JH,IH,M,,,,,,,,,,
waterbottle,W,AO,T,ER,B,AA,T,AH,L,,,,,
gingerbreadhouse,JH,IH,N,JH,ER,B,R,EH,D,HH,AW,S,,
notebook,N,OW,T,B,UH,K,,,,,,,,
escalator,EH,S,K,AH,L,EY,T,ER,,,,,,
coupon,K,UW,P,AA,N,,,,,,,,,
greenbeans,G,R,IY,N,B,IY,N,Z,,,,,,
walker,W,AO,K,ER,,,,,,,,,,
stable,S,T,EY,B,AH,L,,,,,,,,
hersheykiss,HH,ER,Z,HH,EY,K,IH,S,,,,,,
freezer,F,R,IY,Z,ER,,,,,,,,,
gown,G,AW,N,,,,,,,,,,,
dogtags,D,AO,G,T,AE,G,Z,,,,,,,
jersey,JH,ER,Z,IY,,,,,,,,,,
laptop,L,AE,P,T,AA,P,,,,,,,,
mango,M,AE,N,G,OW,,,,,,,,,
mall,M,AO,L,,,,,,,,,,,
medicine,M,EH,D,AH,S,AH,N,,,,,,,
hill,HH,IH,L,,,,,,,,,,,
hurricane,HH,ER,AH,K,EY,N,,,,,,,,
keychain,K,IY,CH,EY,N,,,,,,,,,
nailpolish,N,EY,L,P,AA,L,IH,SH,,,,,,
coffeepot,K,AO,F,IY,P,AA,T,,,,,,,
sleigh,S,L,EY,,,,,,,,,,,
check,CH,EH,K,,,,,,,,,,,
menu,M,EH,N,Y,UW,,,,,,,,,
parade,P,AH,R,EY,D,,,,,,,,,
frenchfries,F,R,EH,N,CH,F,R,AY,Z,,,,,
goalpost,G,OW,L,P,OW,S,T,,,,,,,
hubcap,HH,AH,B,K,AE,P,,,,,,,,
redpotatoes,R,EH,D,P,AH,T,EY,T,OW,Z,,,,
soap,S,OW,P,,,,,,,,,,,
referee,R,EH,F,AH,R,IY,,,,,,,,
tray,T,R,EY,,,,,,,,,,,
toast,T,OW,S,T,,,,,,,,,,
milk,M,IH,L,K,,,,,,,,,,
bleachers,B,L,IY,CH,ER,Z,,,,,,,,
soda,S,OW,D,AH,,,,,,,,,,
flipflops,F,L,IH,P,F,L,AA,P,S,,,,,
beach,B,IY,CH,,,,,,,,,,,
cowboyhat,K,AW,B,OY,HH,AE,T,,,,,,,
island,AY,L,AH,N,D,,,,,,,,,
stamp,S,T,AE,M,P,,,,,,,,,
markerboard,M,AA,R,K,ER,B,OW,R,D,,,,,
tanktop,T,AE,NG,K,T,AA,P,,,,,,,
cottonball,K,AA,T,AH,N,B,AO,L,,,,,,
tissuebox,T,IH,SH,UW,B,AA,K,S,,,,,,
snowplow,S,N,OW,P,L,AW,,,,,,,,
frame,F,R,EY,M,,,,,,,,,,
stick,S,T,IH,K,,,,,,,,,,
horn,HH,AO,R,N,,,,,,,,,,
stadium,S,T,EY,D,IY,AH,M,,,,,,,
sandbox,S,AE,N,D,B,AA,K,S,,,,,,
pillbox,P,IH,L,B,AA,K,S,,,,,,,
clownfish,K,L,AW,N,F,IH,SH,,,,,,,
bookends,B,UH,K,EH,N,D,Z,,,,,,,
coins,K,OY,N,Z,,,,,,,,,,
trampoline,T,R,AE,M,P,AH,L,AY,N,,,,,
iron,AY,ER,N,,,,,,,,,,,
highway,HH,AY,W,EY,,,,,,,,,,
divingboard,D,AY,V,IH,NG,B,OW,R,D,,,,,
yarn,Y,AA,R,N,,,,,,,,,,
basketball,B,AE,S,K,AH,T,B,AO,L,,,,,
mobile,M,OW,B,AH,L,,,,,,,,,
triangle,T,R,AY,AE,NG,G,AH,L,,,,,,
leotard,L,IY,AH,T,AH,R,D,,,,,,,
clarinet,K,L,AE,R,AH,N,EH,T,,,,,,
tennisball,T,EH,N,AH,S,B,AO,L,,,,,,
janitor,JH,AE,N,AH,T,ER,,,,,,,,
quarter,K,W,AO,R,T,ER,,,,,,,,
sandal,S,AE,N,D,AH,L,,,,,,,,
hairclip,HH,EH,R,K,L,IH,P,,,,,,,
cupcake,K,AH,P,K,EY,K,,,,,,,,
podium,P,OW,D,IY,AH,M,,,,,,,,
tulip,T,UW,L,AH,P,,,,,,,,,
sling,S,L,IH,NG,,,,,,,,,,
horseshoe,HH,AO,R,S,SH,UW,,,,,,,,
taco,T,AE,K,OW,,,,,,,,,,
filter,F,IH,L,T,ER,,,,,,,,,
poncho,P,AA,N,CH,OW,,,,,,,,,
fireworks,F,AY,ER,W,ER,K,S,,,,,,,
gurney,G,AH,R,N,IY,,,,,,,,,
ornament,AO,R,N,AH,M,AH,N,T,,,,,,
keg,K,EH,G,,,,,,,,,,,
golfcourse,G,AA,L,F,K,OW,R,S,,,,,,
olives,AA,L,IH,V,Z,,,,,,,,,
lotion,L,OW,SH,AH,N,,,,,,,,,
lantern,L,AE,N,T,ER,N,,,,,,,,
lollipop,L,AA,L,AH,P,AH,P,,,,,,,
protractor,P,R,OW,T,R,AE,K,T,ER,,,,,
chalkboard,CH,AO,K,B,OW,R,D,,,,,,,
crockpot,K,R,AA,K,P,AA,T,,,,,,,
volleyball,V,AA,L,IY,B,AO,L,,,,,,,
raisins,R,EY,Z,AH,N,Z,,,,,,,,
banister,B,AE,N,AH,S,T,ER,,,,,,,
snowglobe,S,N,OW,G,L,OW,B,,,,,,,
deodorant,D,IY,OW,D,ER,AH,N,T,,,,,,
hairpin ,",,,,,,,,,",HH,EH,R,P,IH,N,,,,,,,
coral,K,AO,R,AH,L,,,,,,,,,
croissant,K,R,OY,S,AH,N,T,,,,,,,
ovenmitt,AH,V,EH,N,M,AH,T,,,,,,,
cuttingboard,K,AH,T,IH,NG,B,OW,R,D,,,,,
calculator,K,AE,L,K,Y,AH,L,AH,T,ER,,,,
cranberries,K,R,AE,N,B,EH,R,IY,Z,,,,,
tonguedepressor,T,AH,NG,D,IY,P,R,EH,S,ER,,,,
trombone,T,R,AA,M,B,OW,N,,,,,,,
chart,CH,AA,R,T,,,,,,,,,,
visor,V,IH,Z,ER,,,,,,,,,,
bull ,",,,,,,,,,",B,UH,L,,,,,,,,,,
licorice,L,AY,S,ER,AY,S,,,,,,,,
fireextinguisher,F,AY,ER,IH,K,S,T,IH,NG,G,W,IH,SH,ER
eraser,IH,R,EY,S,ER,,,,,,,,,
bingocard,B,IH,N,G,OW,K,AA,R,D,,,,,
caterpillar,K,AE,T,AH,P,IH,L,ER,,,,,,
eyelashes,AY,L,AE,SH,IH,Z,,,,,,,,
coal,K,OW,L,,,,,,,,,,,
remote,R,IH,M,OW,T,,,,,,,,,
jalapeno,JH,AH,L,AE,P,AH,N,OW,,,,,,
stairglide,S,T,EH,R,G,L,AY,D,,,,,,
headband,HH,EH,D,B,AE,N,D,,,,,,,
flour,F,L,AW,ER,,,,,,,,,,
barn,B,AA,R,N,,,,,,,,,,
icecream,AY,S,K,R,IY,M,,,,,,,,
sunflower,S,AH,N,F,L,AW,ER,,,,,,,
gymnast,JH,IH,M,N,AE,S,T,,,,,,,
dove,D,OW,V,,,,,,,,,,,
dandelion,D,AE,N,D,AH,L,AY,AH,N,,,,,
brownie,B,R,AW,N,IY,,,,,,,,,
mustard,M,AH,S,T,ER,D,,,,,,,,
toothpaste,T,UW,TH,P,EY,S,T,,,,,,,
fingernail,F,IH,NG,G,ER,N,EY,L,,,,,,
tissue,T,IH,SH,UW,,,,,,,,,,
meatloaf,M,IY,T,L,OW,F,,,,,,,,
handsanitizer,HH,AE,N,D,S,AE,N,AH,T,AY,Z,AH,R,
mailtruck,M,EY,L,T,R,AH,K,,,,,,,
magazine,M,AE,G,AH,Z,IY,N,,,,,,,
baseball,B,EY,S,B,AO,L,,,,,,,,
burrito,B,AH,R,AH,T,OW,,,,,,,,
coffeecup,K,AO,F,IY,K,AH,P,,,,,,,
pot ,",,,,,,,,,",P,AA,T,,,,,,,,,,
bison,B,AY,S,AH,N,,,,,,,,,
jaguar,JH,AE,G,W,AA,R,,,,,,,,
wool,W,UH,L,,,,,,,,,,,
hedgehog,HH,EH,JH,HH,AA,G,,,,,,,,
plasticbag,P,L,AE,S,T,IH,K,B,AE,G,,,,
markers,M,AA,R,K,ER,Z,,,,,,,,
éclair,K,L,AE,AH,R,,,,,,,,,
combine,K,AH,M,B,AY,N,,,,,,,,
zipline,Z,IH,P,L,AY,N,,,,,,,,
trail,T,R,EY,L,,,,,,,,,,
puck,P,AH,K,,,,,,,,,,,
straw,S,T,R,AO,,,,,,,,,,
dominoes,D,AA,M,AH,N,OW,Z,,,,,,,
mailman,M,EY,L,M,AE,N,,,,,,,,
bowtie,B,AW,T,AY,,,,,,,,,,
headlight,HH,EH,D,L,AY,T,,,,,,,,
blackberry,B,L,AE,K,B,EH,R,IY,,,,,,
snowmobile,S,N,OW,M,OW,B,AH,L,,,,,,
wipers,W,AY,P,ER,Z,,,,,,,,,
artist,AA,R,T,IH,S,T,,,,,,,,
icicles,AY,S,IH,K,AH,L,Z,,,,,,,
chef,SH,EH,F,,,,,,,,,,,
veil,V,EY,L,,,,,,,,,,,
restaurant,R,EH,S,T,AH,R,AA,N,T,,,,,
pharmacy,F,AA,R,M,AH,S,IY,,,,,,,
champagne,SH,AE,M,P,EY,N,,,,,,,,
wreath,R,IY,TH,,,,,,,,,,,
snowflake,S,N,OW,F,L,EY,K,,,,,,,
dinosaur,D,AY,N,AH,S,AO,R,,,,,,,
waders,W,EY,D,ER,Z,,,,,,,,,
candycane,K,AE,N,D,IY,K,EY,N,,,,,,
tag,T,AE,G,,,,,,,,,,,
sprinkles,S,P,R,IH,NG,K,AH,L,Z,,,,,
garden,G,AA,R,D,AH,N,,,,,,,,
clothesline,K,L,OW,DH,Z,L,AY,N,,,,,,
factory,F,AE,K,T,AH,R,IY,,,,,,,
pew,P,Y,UW,,,,,,,,,,,
herbs,ER,B,Z,,,,,,,,,,,
carwash,K,AA,R,W,AA,SH,,,,,,,,
lungs,L,AH,NG,Z,,,,,,,,,,
honey,HH,AH,N,IY,,,,,,,,,,
circus,S,ER,K,AH,S,,,,,,,,,
museum,M,Y,UH,Z,IY,AH,M,,,,,,,
roulette,R,UW,L,EH,T,,,,,,,,,
casket,K,AE,S,K,AH,T,,,,,,,,
gold,G,OW,L,D,,,,,,,,,,
logcabin,L,AA,G,K,AE,B,AH,N,,,,,,
grilledcheese,G,R,IH,L,D,CH,IY,Z,,,,,,
reindeer,R,IY,IH,N,D,IH,ER,,,,,,,
abacus,AE,B,AH,S,AH,S,,,,,,,,
popmachine,P,AA,P,M,AH,SH,IY,N,,,,,,
computer,K,AH,M,P,Y,UW,T,ER,,,,,,
oven,AH,V,AH,N,,,,,,,,,,
measuringspoons,M,EH,ZH,ER,IH,NG,S,P,UW,N,Z,,,
peanutbutter,P,IY,N,AH,T,B,AH,T,ER,,,,,
dam,D,AE,M,,,,,,,,,,,
tea,T,IY,,,,,,,,,,,,
school,S,K,UW,L,,,,,,,,,,
punchbowl,P,AH,N,CH,B,OW,L,,,,,,,
keyboard,K,IY,B,OW,R,D,,,,,,,,
sunglasses,S,AH,N,G,L,AE,S,IH,Z,,,,,
coffeetable,K,AO,F,IY,T,EY,B,AH,L,,,,,
sombrero,S,AA,M,B,R,AH,R,OW,,,,,,
kayak,K,EY,AH,K,,,,,,,,,,
securityguard,S,IH,K,Y,UH,R,AH,T,IY,G,AA,R,D,
brain,B,R,EY,N,,,,,,,,,,
crosswalk,K,R,AO,S,W,AO,K,,,,,,,
jeans,JH,IY,N,Z,,,,,,,,,,
waterfountain,W,AO,T,ER,F,AW,N,T,AH,N,,,,
gamecontroller,G,EY,M,K,AH,N,T,R,OW,L,ER,,,
shishkabob,SH,IH,SH,AH,B,AH,B,,,,,,,
cashregister,K,AE,SH,R,EH,JH,AH,S,T,ER,,,,
ticket,T,IH,K,AH,T,,,,,,,,,
meatballs,M,IY,T,B,AO,L,Z,,,,,,,
palette,P,AE,L,AH,T,,,,,,,,,
headphones,HH,EH,D,F,OW,N,Z,,,,,,,
beehive,B,IY,HH,AY,V,,,,,,,,,
dalmation,D,AH,M,EY,SH,AH,N,,,,,,,
shelf,SH,EH,L,F,,,,,,,,,,
oreos,OW,R,AA,S,,,,,,,,,,
chickenwings,CH,IH,K,AH,N,W,IH,NG,Z,,,,,
peninsula,P,AH,N,IH,N,S,AH,L,AH,,,,,
toiletpaper,T,OY,L,AH,T,P,EY,P,ER,,,,,
blender,B,L,EH,N,D,ER,,,,,,,,
headset,HH,EH,D,S,EH,T,,,,,,,,
dreamcatcher,D,R,IY,M,K,AE,CH,ER,,,,,,
overalls,OW,V,ER,AO,L,Z,,,,,,,,
broccoli,B,R,AA,K,L,IY,,,,,,,,
pocket,P,AA,K,AH,T,,,,,,,,,
cards,K,AA,R,D,Z,,,,,,,,,
wave,W,EY,V,,,,,,,,,,,
hoagie,HH,OW,IH,JH,IY,,,,,,,,,
salad,S,AE,L,AH,D,,,,,,,,,
toasteroven,T,OW,S,T,ER,AH,V,AH,N,,,,,
magnifyingglass,M,AE,G,N,AH,F,AY,IH,NG,G,L,AE,S,
paperairplane,P,EY,P,ER,EH,R,P,L,EY,N,,,,
cucumber,K,Y,UW,K,AH,M,AH,R,,,,,,
chessboard,CH,EH,S,B,OW,R,D,,,,,,,
discoball,D,IH,S,K,OW,B,AO,L,,,,,,
cd,S,IY,D,IY,,,,,,,,,,
RV,AA,R,V,IY,,,,,,,,,,
rubberbands,R,AH,B,ER,B,AE,N,D,Z,,,,,
cello,S,EH,L,OW,,,,,,,,,,
chandelier,SH,AE,N,D,AH,L,IH,ER,,,,,,
bunkbed,B,AH,NG,K,B,EH,D,,,,,,,
bulletinboard,B,UH,L,AH,T,IH,N,B,OW,R,D,,,
pacifier,P,AE,S,AH,F,AY,ER,,,,,,,
cement,S,IH,M,EH,N,T,,,,,,,,
crane,K,R,EY,N,,,,,,,,,,
soccergoal,S,AA,K,ER,G,OW,L,,,,,,,
blinds,B,L,AY,N,D,Z,,,,,,,,
trafficcone,T,R,AE,F,IH,K,OW,N,,,,,,
cinnamonroll,S,IH,N,AH,M,AA,N,R,AH,L,,,,
bowlingball,B,AW,L,IH,NG,B,AO,L,,,,,,
perfume,P,ER,F,Y,UW,M,,,,,,,,
seatbelt,S,IY,T,B,EH,L,T,,,,,,,
filecabinet,F,AY,L,K,AE,B,N,AH,T,,,,,
pickles,P,IH,K,AH,L,Z,,,,,,,,
slinky,S,L,IH,NG,K,IY,,,,,,,,
cannoli,K,AE,N,AH,L,IY,,,,,,,,
dogbed,D,AO,G,B,EH,D,,,,,,,,
bubble,B,AH,B,AH,L,,,,,,,,,
fortunecookie,F,AO,R,CH,AH,N,K,UH,K,IY,,,,
gutters,G,AH,T,ER,Z,,,,,,,,,
pearls,P,ER,L,Z,,,,,,,,,,
q-tips,K,Y,UW,T,IH,P,S,,,,,,,
almonds,AE,L,M,AH,N,D,Z,,,,,,,
stopsign,S,T,AA,P,S,AY,N,,,,,,,
saxophone,S,AE,K,S,AH,F,OW,N,,,,,,
blueberries,B,L,UW,B,EH,R,IY,Z,,,,,,
doorknob,D,OW,R,N,AA,B,,,,,,,,
pinballmachine,P,IH,N,B,AO,L,M,AH,SH,IY,N,,,
camper,K,AE,M,P,ER,,,,,,,,,
potatochips,P,AH,T,EY,T,OW,CH,IH,P,S,,,,
barre,B,AE,R,,,,,,,,,,,
wineglass,W,AY,N,G,L,AE,S,,,,,,,
dollhouse,D,AA,L,HH,AW,S,,,,,,,,
golfball,G,AA,L,F,B,AO,L,,,,,,,
porch,P,OW,R,CH,,,,,,,,,,
rubikscube,R,UW,B,AH,K,S,Y,UW,B,,,,,
bagel,B,AE,JH,AH,L,,,,,,,,,
booth,B,UW,TH,,,,,,,,,,,
scooter,S,K,UW,T,ER,,,,,,,,,
pole,P,OW,L,,,,,,,,,,,
bible,B,AY,B,AH,L,,,,,,,,,
cereal,S,IH,R,IY,AH,L,,,,,,,,
juice,JH,UW,S,,,,,,,,,,,
ketchup,K,EH,CH,AH,P,,,,,,,,,
syrup,S,ER,AH,P,,,,,,,,,,
napkin,N,AE,P,K,AH,N,,,,,,,,
cart,K,AA,R,T,,,,,,,,,,
licenseplate,L,AY,S,AH,N,S,P,L,EY,T,,,,
candy,K,AE,N,D,IY,,,,,,,,,
library,L,AY,B,R,EH,R,IY,,,,,,,
gargoyle,G,AA,R,G,OY,L,,,,,,,,
gasstation,G,AE,S,T,EY,SH,AH,N,,,,,,
cauliflower,K,AO,L,IH,F,L,AW,ER,,,,,,
newspaper,N,UW,Z,P,EY,P,ER,,,,,,,
bar,B,AA,R,,,,,,,,,,,
cheetah,CH,IY,T,AH,,,,,,,,,,
dragonfly,D,R,AE,G,AH,N,F,L,AY,,,,,
chipmunk,CH,IH,P,M,AH,NG,K,,,,,,,
diploma,D,IH,P,L,AH,M,AH,,,,,,,
quail,K,W,EY,L,,,,,,,,,,
humidor,HH,Y,UW,M,AH,D,ER,,,,,,,
popcornmachine,P,AA,P,K,AO,R,N,M,AH,SH,IY,N,,
furnace,F,ER,N,AH,S,,,,,,,,,
timer,T,AY,M,ER,,,,,,,,,,
macaroni,M,AH,K,AE,R,AH,N,IY,,,,,,
ballpit,B,AO,L,P,IH,T,,,,,,,,
playdoh,P,L,EY,D,OW,,,,,,,,,
detergent,D,IH,T,ER,JH,AH,N,T,,,,,,
printer,P,R,IH,N,T,ER,,,,,,,,
cookiecutter,K,UH,K,IY,K,AH,T,ER,,,,,,
hockeystick,HH,AA,K,IY,S,T,IH,K,,,,,,
checkbook,CH,EH,K,B,UH,K,,,,,,,,
journal,JH,ER,N,AH,L,,,,,,,,,
hearse,HH,ER,S,,,,,,,,,,,
windsock,W,IH,N,D,S,AA,K,,,,,,,
hourglass,AW,ER,G,L,AE,S,,,,,,,,
garland,G,AA,R,L,AH,N,D,,,,,,,
dachshund,D,AA,K,S,HH,UH,N,T,,,,,,
lockers,L,OW,K,ER,Z,,,,,,,,,
van,V,AE,N,,,,,,,,,,,
frosting,F,R,AO,S,T,IH,NG,,,,,,,
vase,V,EY,Z,,,,,,,,,,,
bullhorn,B,UH,L,HH,AO,R,N,,,,,,,
daiquiri,D,EY,K,W,AH,R,IY,,,,,,,
hurdler,HH,ER,D,AH,L,ER,,,,,,,,
amp,AE,M,P,,,,,,,,,,,
beer,B,IH,ER,,,,,,,,,,,
beaker,B,IY,K,ER,,,,,,,,,,
bay,B,EY,,,,,,,,,,,,
barge,B,AA,R,JH,,,,,,,,,,
beads,B,IY,D,Z,,,,,,,,,,
children,CH,IH,L,D,R,AH,N,,,,,,,
dock,D,AA,K,,,,,,,,,,,
doughnut,D,OW,N,AH,T,,,,,,,,,
dollar,D,AA,L,ER,,,,,,,,,,
easel,IY,Z,AH,L,,,,,,,,,,
flannel,F,L,AE,N,AH,L,,,,,,,,
jockey,JH,AA,K,IY,,,,,,,,,,
gondola,G,AA,N,D,AH,L,AH,,,,,,,
greenhouse,G,R,IY,N,HH,AW,S,,,,,,,
hockey,HH,AA,K,IY,,,,,,,,,,
kettlebell,K,EH,T,AH,L,B,EH,L,,,,,,
lavender,L,AE,V,AH,N,D,ER,,,,,,,
lighter,L,AY,T,ER,,,,,,,,,,
lance,L,AE,N,S,,,,,,,,,,
lasso,L,AE,S,OW,,,,,,,,,,
leash,L,IY,SH,,,,,,,,,,,
mud,M,AH,D,,,,,,,,,,,
macaroon,M,AE,K,AH,R,UW,N,,,,,,,
meat,M,IY,T,,,,,,,,,,,
omelet,AA,M,L,AH,T,,,,,,,,,
paddle,P,AE,D,AH,L,,,,,,,,,
pallet,P,AE,L,AH,T,,,,,,,,,
puppet,P,AH,P,AH,T,,,,,,,,,
pentagon,P,EH,N,T,IH,G,AA,N,,,,,,
pennant,P,EH,N,AH,N,T,,,,,,,,
pajamas,P,AH,JH,AA,M,AH,Z,,,,,,,
ribbon,R,IH,B,AH,N,,,,,,,,,
robin,R,AA,B,AH,N,,,,,,,,,
rollercoaster,R,OW,L,ER,K,OW,S,T,ER,,,,,
racetrack,R,EY,S,T,R,AE,K,,,,,,,
scalpel,S,K,AE,L,P,AH,L,,,,,,,
softball,S,AO,F,T,B,AO,L,,,,,,,
shack,SH,AE,K,,,,,,,,,,,
shop,SH,AA,P,,,,,,,,,,,
shot,SH,AA,T,,,,,,,,,,,
sketch,S,K,EH,CH,,,,,,,,,,
swamp,S,W,AA,M,P,,,,,,,,,
tunnel,T,AH,N,AH,L,,,,,,,,,
yoga,Y,OW,G,AH,,,,,,,,,,
walkway,W,AO,K,W,EY,,,,,,,,,
window,W,IH,N,D,OW,,,,,,,,,
wharf,W,AO,R,F,,,,,,,,,,
astronaut,AE,S,T,R,AH,N,AO,T,,,,,,
arch,AA,R,CH,,,,,,,,,,,
chalk,CH,AO,K,,,,,,,,,,,
fedora,F,IH,D,OW,R,AH,,,,,,,,
falcon,F,AE,L,K,AH,N,,,,,,,,
hut,HH,AH,T,,,,,,,,,,,
lace,L,EY,S,,,,,,,,,,,
lights,L,AY,T,S,,,,,,,,,,
nutcracker,N,AH,T,K,R,AE,K,ER,,,,,,
pail,P,EY,L,,,,,,,,,,,
sugar,SH,UH,G,ER,,,,,,,,,,
skydiver,S,K,AY,D,AY,V,ER,,,,,,,
tack,T,AE,K,,,,,,,,,,,
towel,T,AW,AH,L,,,,,,,,,,
typewriter,T,AY,P,R,AY,T,ER,,,,,,,
thief,TH,IY,F,,,,,,,,,,,
toy,T,OY,,,,,,,,,,,,
wash,W,AA,SH,,,,,,,,,,,
applesauce,AE,P,AH,L,S,AO,S,,,,,,,
accountant,AH,K,AW,N,T,AH,N,T,,,,,,
beagle,B,AH,AE,G,AH,L,,,,,,,,
chili,IH,CH,IH,L,IY,,,,,,,,,
chapstick,CH,AE,P,S,T,IH,K,,,,,,,
cattle,K,AE,T,AH,L,,,,,,,,,
crayons,K,R,EY,AA,N,Z,,,,,,,,
elevator,EH,L,AH,V,EY,T,ER,,,,,,,
iceskater,AY,S,K,EY,T,ER,,,,,,,,
label,L,EY,B,AH,L,,,,,,,,,
laundromat,L,AO,N,D,R,AH,M,AH,T,,,,,
mansion,M,AE,N,CH,AH,N,,,,,,,,
kneel,N,IY,L,,,,,,,,,,,
usher,AH,SH,ER,,,,,,,,,,,
orchid,AO,R,K,AH,D,,,,,,,,,
pug,P,AH,G,,,,,,,,,,,
padlock,P,AE,D,L,AA,K,,,,,,,,
pompom,P,AA,M,P,AH,M,,,,,,,,
penny,P,EH,N,IY,,,,,,,,,,
puppy,P,AH,P,IY,,,,,,,,,,
pistachios,P,AH,S,T,AE,SH,IY,OW,Z,,,,,
petunia,P,EH,T,Y,UW,N,Y,AH,,,,,,
raven,R,EY,V,AH,N,,,,,,,,,
sign,S,AY,N,,,,,,,,,,,
spear,S,P,IH,ER,,,,,,,,,,
tambourine,T,AE,M,B,AH,R,IY,N,,,,,,
water,W,AO,T,ER,,,,,,,,,,
welder,W,EH,L,D,ER,,,,,,,,,
waffleiron,W,AA,F,AH,L,AY,ER,N,,,,,,
wick,W,IH,K,,,,,,,,,,,
whale,W,EY,L,,,,,,,,,,,
grahamcracker,G,R,EY,AH,M,K,R,AE,K,ER,,,,
bagpipes,B,AE,G,P,AY,P,S,,,,,,,
brake,B,R,EY,K,,,,,,,,,,
child,CH,AY,L,D,,,,,,,,,,
coach,K,OW,CH,,,,,,,,,,,
creek,K,R,IY,K,,,,,,,,,,
carkeys,K,AA,R,K,IY,Z,,,,,,,,
drain,D,R,EY,N,,,,,,,,,,
drummer,D,R,AH,M,ER,,,,,,,,,
fist,F,IH,S,T,,,,,,,,,,
forklift,F,AO,R,K,L,IH,F,T,,,,,,
flock,F,L,AA,K,,,,,,,,,,
haystack,HH,EY,S,T,AE,K,,,,,,,,
hamper,HH,AE,M,P,ER,,,,,,,,,
incubator,IH,NG,K,Y,UW,B,AH,T,ER,,,,,
leather,L,EH,DH,ER,,,,,,,,,,
lifeguard,L,AY,F,G,AA,R,D,,,,,,,
meerkat,M,IH,R,K,AH,T,,,,,,,,
mussel,M,AH,S,AH,L,,,,,,,,,
pedal,P,EH,D,AH,L,,,,,,,,,
receptionist,R,IH,S,EH,P,SH,AH,N,IH,S,T,,,
recyclingbin,R,IY,S,IY,K,L,IH,NG,B,IH,N,,,
river,R,IH,V,ER,,,,,,,,,,
ram,R,AE,M,,,,,,,,,,,
ruby,R,UW,B,IY,,,,,,,,,,
soup,S,UW,P,,,,,,,,,,,
salamander,S,AE,L,AH,M,AE,N,D,ER,,,,,
shutter,SH,AH,T,ER,,,,,,,,,,
silk,S,IH,L,K,,,,,,,,,,
stripes,S,T,R,AY,P,S,,,,,,,,
steam,S,T,IY,M,,,,,,,,,,
store,S,T,OW,R,,,,,,,,,,
tightropewalker,T,AY,T,R,OW,P,W,AO,K,ER,,,,
tapemeasure,T,EY,P,M,EH,ZH,ER,,,,,,,
traffic,T,R,AE,F,IH,K,,,,,,,,
taxi,T,AE,K,S,IY,,,,,,,,,
violet,V,AY,AH,L,AH,T,,,,,,,,
wastebasket,W,EY,S,T,B,AE,S,K,AH,T,,,,
axle,AE,K,S,AH,L,,,,,,,,,
black,B,L,AE,K,,,,,,,,,,
baker,B,EY,K,ER,,,,,,,,,,
beef,B,IY,F,,,,,,,,,,,
bonnet,B,AA,N,AH,T,,,,,,,,,
cape,K,EY,P,,,,,,,,,,,
candelabra,K,AE,N,D,AH,L,AE,B,R,AH,,,,
classroom,K,L,AE,S,R,UW,M,,,,,,,
card,K,AA,R,D,,,,,,,,,,
cube,K,Y,UW,B,,,,,,,,,,
doily,D,OW,IY,L,IY,,,,,,,,,
desktop,D,EH,S,K,T,AA,P,,,,,,,
fiddle,F,IH,D,AH,L,,,,,,,,,
flood,F,L,AH,D,,,,,,,,,,
fencing,F,EH,N,S,IH,NG,,,,,,,,
glue,G,L,UW,,,,,,,,,,,
heater,HH,IY,T,ER,,,,,,,,,,
hoop,HH,UW,P,,,,,,,,,,,
jeep,JH,IY,P,,,,,,,,,,,
lapel,L,AH,P,EH,L,,,,,,,,,
locket,L,AA,K,AH,T,,,,,,,,,
level,L,EH,V,AH,L,,,,,,,,,
lake,L,EY,K,,,,,,,,,,,
mime,M,AY,M,,,,,,,,,,,
miner,M,AY,N,ER,,,,,,,,,,
meal,M,IY,L,,,,,,,,,,,
makeup,M,EY,K,AH,P,,,,,,,,,
noodles,N,UW,D,AH,L,Z,,,,,,,,
push-up,P,UH,SH,AH,P,,,,,,,,,
pasta,P,AE,S,T,AH,,,,,,,,,
pepperoni,P,EH,P,EH,R,AH,N,IY,,,,,,
pianoplayer,P,IY,AE,N,OW,P,L,EY,ER,,,,,
petal,P,EH,T,AH,L,,,,,,,,,
puddle,P,AH,D,AH,L,,,,,,,,,
panther,P,AE,N,TH,ER,,,,,,,,,
plaid,P,L,AE,D,,,,,,,,,,
plank,P,L,AE,NG,K,,,,,,,,,
palm,P,AA,M,,,,,,,,,,,
radiator,R,EY,D,IY,AH,T,ER,,,,,,,
receipt,R,IH,S,IY,T,,,,,,,,,
raincoat,R,EY,N,K,OW,T,,,,,,,,
saltshaker,S,AO,L,T,SH,EY,K,ER,,,,,,
sparkler,S,P,AA,R,K,AH,L,ER,,,,,,
satellite,S,AE,T,AH,L,AY,T,,,,,,,
tarp,T,AA,R,P,,,,,,,,,,
tictactoe,T,IH,K,T,AE,K,T,OW,,,,,,
thorns,TH,AO,R,N,Z,,,,,,,,,
theater,TH,IY,AH,T,ER,,,,,,,,,
throne,TH,R,OW,N,,,,,,,,,,
tailpipe,T,EY,L,P,AY,P,,,,,,,,
track,T,R,AE,K,,,,,,,,,,
twins,T,W,IH,N,Z,,,,,,,,,
winebottle,W,AY,N,B,AA,T,AH,L,,,,,,
gum,G,AH,M,,,,,,,,,,,
bandana,B,AE,N,D,AH,N,AH,,,,,,,
cabinet,K,AE,B,N,AH,T,,,,,,,,
cashier,K,AE,SH,IY,ER,,,,,,,,,
cellar,S,EH,L,ER,,,,,,,,,,
fingertips,F,IH,NG,G,ER,T,IH,P,S,,,,,
farmhouse,F,AA,R,M,HH,AW,S,,,,,,,
grate,G,R,EY,T,,,,,,,,,,
ignition,IH,G,N,IH,SH,AH,N,,,,,,,
lotteryticket,L,AA,T,AH,R,IY,T,IH,K,AH,T,,,
peel,P,IY,L,,,,,,,,,,,
runner,R,AH,N,ER,,,,,,,,,,
red,R,EH,D,,,,,,,,,,,
steeple,S,T,IY,P,AH,L,,,,,,,,
stovetop,S,T,OW,V,T,AA,P,,,,,,,
tattoo,T,AE,T,UW,,,,,,,,,,
watchband,W,AA,CH,B,AE,N,D,,,,,,,
alarmclock,AH,L,AA,R,M,K,L,AA,K,,,,,
badger,B,AE,JH,ER,,,,,,,,,,
flakes,F,L,EY,K,S,,,,,,,,,
magician,M,AH,JH,IH,SH,AH,N,,,,,,,
motel,M,OW,T,EH,L,,,,,,,,,
palace,P,AE,L,AH,S,,,,,,,,,
treadmill,T,R,EH,D,M,IH,L,,,,,,,
vest,V,EH,S,T,,,,,,,,,,
ace,EY,S,,,,,,,,,,,,
breakfast,B,R,EH,K,F,AH,S,T,,,,,,
cable,K,EY,B,AH,L,,,,,,,,,
claw,K,L,AO,,,,,,,,,,,
dentures,D,EH,N,CH,ER,Z,,,,,,,,
fan,F,AE,N,,,,,,,,,,,
ham,HH,AE,M,,,,,,,,,,,
lampshade,L,AE,M,P,SH,EY,D,,,,,,,
leech,L,IY,CH,,,,,,,,,,,
mat,M,AE,T,,,,,,,,,,,
ninja,N,IH,N,JH,AH,,,,,,,,,
pita,P,IH,T,AH,,,,,,,,,,
painting,P,EY,N,T,IH,NG,,,,,,,,
raft,R,AE,F,T,,,,,,,,,,
ricecake,R,AY,S,K,EY,K,,,,,,,,
rice,R,AY,S,,,,,,,,,,,
rust,R,AH,S,T,,,,,,,,,,
smoothie,S,M,UW,DH,IY,,,,,,,,,
sparrow,S,P,AE,R,OW,,,,,,,,,
white,W,AY,T,,,,,,,,,,,
bongodrums,B,AA,NG,G,OW,D,R,AH,M,Z,,,,
dive,D,AY,V,,,,,,,,,,,
ducttape,D,AH,K,T,EY,P,,,,,,,,
jester,JH,EH,S,T,ER,,,,,,,,,
gear,G,IH,ER,,,,,,,,,,,
nuggets,N,AH,G,AH,T,S,,,,,,,,
picnic,P,IH,K,N,IH,K,,,,,,,,
prince,P,R,IH,N,S,,,,,,,,,
racecar,R,EY,S,K,AA,R,,,,,,,,
snorkel,S,N,AO,R,K,AH,L,,,,,,,
soupspoon,S,UW,P,S,P,UW,N,,,,,,,
wizard,W,IH,Z,ER,D,,,,,,,,,
waltz,W,AO,L,T,S,,,,,,,,,
wedding,W,EH,D,IH,NG,,,,,,,,,
goalie,G,OW,L,IY,,,,,,,,,,
labcoat,L,AE,B,K,OW,T,,,,,,,,
poker,P,OW,K,ER,,,,,,,,,,
pretzel,P,R,IY,T,S,EH,L,,,,,,,
anthill,AE,N,T,HH,IH,L,,,,,,,,
atlas,AE,T,L,AH,S,,,,,,,,,
chips,CH,IH,P,S,,,,,,,,,,
cliff,K,L,IH,F,,,,,,,,,,
drink,D,R,IH,NG,K,,,,,,,,,
halo,HH,EY,L,OW,,,,,,,,,,
hood,HH,UH,D,,,,,,,,,,,
jet,JH,EH,T,,,,,,,,,,,
pinetree,P,AY,N,T,R,IY,,,,,,,,
passport,P,AE,S,P,OW,R,T,,,,,,,
playground,P,L,EY,G,R,AW,N,D,,,,,,
scroll,S,K,R,AO,L,,,,,,,,,
scarecrow,S,K,EH,R,K,R,OW,,,,,,,
shadow,SH,AE,D,OW,,,,,,,,,,
ramp,R,AE,M,P,,,,,,,,,,
cowgirl,K,AW,G,ER,L,,,,,,,,,
melon,M,EH,L,AH,N,,,,,,,,,
tangerine,T,AE,N,JH,AH,R,AY,N,,,,,,
airport,AH,IH,R,P,OW,R,T,,,,,,,
beets,B,IY,T,S,,,,,,,,,,
buckle,B,AH,K,AH,L,,,,,,,,,
beachball,B,IY,CH,B,AO,L,,,,,,,,
dart,D,AA,R,T,,,,,,,,,,
firestation,F,AY,ER,AH,S,T,EY,SH,AH,N,,,,
jewelry,JH,UW,AH,L,R,IY,,,,,,,,
gnome,N,OW,M,,,,,,,,,,,
nun,N,AH,N,,,,,,,,,,,
poodle,P,UW,D,AH,L,,,,,,,,,
slotmachine,S,L,AA,T,M,AH,SH,IY,N,,,,,
sand,S,AE,N,D,,,,,,,,,,
teacup,T,IY,K,AH,P,,,,,,,,,
traincar,T,R,EY,N,K,AA,R,,,,,,,
tricycle,T,R,IH,S,AH,K,AH,L,,,,,,
wire,W,AY,ER,,,,,,,,,,,
yellow,Y,EH,L,OW,,,,,,,,,,
airconditioner,AH,IH,R,K,AH,N,D,IH,SH,AH,N,ER,,
bakery,B,EY,K,AH,R,IY,,,,,,,,
blue,B,L,UW,,,,,,,,,,,
boar,B,OW,R,,,,,,,,,,,
canal,K,AH,N,AE,L,,,,,,,,,
footrest,F,UH,T,R,EH,S,T,,,,,,,
margarita,M,AA,R,G,AE,R,AH,T,AH,,,,,
parkinglot,P,AA,R,K,IH,NG,L,AA,T,,,,,
rifle,R,AY,F,AH,L,,,,,,,,,
railroadcrossing,R,EY,L,R,OW,D,K,R,AO,S,IH,NG,,
salmon,S,AE,M,AH,N,,,,,,,,,
sinkhole,S,IH,NG,K,HH,OW,L,,,,,,,
skylight,S,K,AY,L,AY,T,,,,,,,,
sleep,S,L,IY,P,,,,,,,,,,
sleeve,S,L,IY,V,,,,,,,,,,
stingray,S,T,IH,NG,R,EY,,,,,,,,
stretch,S,T,R,EH,CH,,,,,,,,,
saladbar,S,AE,L,AH,D,B,AA,R,,,,,,
swimsuit,S,W,IH,M,S,UW,T,,,,,,,
tuxedo,T,AH,K,S,IY,D,OW,,,,,,,
tutu,T,Y,UW,T,UW,,,,,,,,,
truffles,T,R,AH,F,AH,L,Z,,,,,,,
yogurt,Y,AA,G,AH,R,T,,,,,,,,
weed,W,IY,D,,,,,,,,,,,
wallpaper,W,AO,L,P,EY,P,ER,,,,,,,
weedwacker,W,IY,D,W,AE,K,AH,R,,,,,,
bulldozer,B,UH,L,D,OW,Z,ER,,,,,,,
bass,B,EY,S,,,,,,,,,,,
barber,B,AA,R,B,ER,,,,,,,,,
band,B,AE,N,D,,,,,,,,,,
braid,B,R,EY,D,,,,,,,,,,
baton,B,AE,T,AA,N,,,,,,,,,
cot,K,AA,T,,,,,,,,,,,
diamond,D,AY,M,AH,N,D,,,,,,,,
drumstick,D,R,AH,M,S,T,IH,K,,,,,,
earbuds,IH,ER,B,AH,D,Z,,,,,,,,
glacier,G,L,EY,SH,ER,,,,,,,,,
hallway,HH,AO,L,W,EY,,,,,,,,,
hulahoop,HH,Y,UW,L,AH,HH,UW,P,,,,,,
hug,HH,AH,G,,,,,,,,,,,
hotdog,HH,AA,T,D,AO,G,,,,,,,,
jelly,JH,EH,L,IY,,,,,,,,,,
marshmallow,M,AA,R,SH,M,EH,L,OW,,,,,,
mural,M,Y,UH,R,AH,L,,,,,,,,
pipes,P,AY,P,S,,,,,,,,,,
pillow,P,IH,L,OW,,,,,,,,,,
sheet,SH,IY,T,,,,,,,,,,,
scoop,S,K,UW,P,,,,,,,,,,
slope,S,L,OW,P,,,,,,,,,,
study,S,T,AH,D,IY,,,,,,,,,
swimmer,S,W,IH,M,ER,,,,,,,,,
tee,T,IY,,,,,,,,,,,,
umpire,AH,M,P,AY,ER,,,,,,,,,
wardrobe,W,AO,R,D,R,OW,B,,,,,,,
willowtree,W,IH,L,OW,T,R,IY,,,,,,,
beekeeper,B,IY,K,IY,P,ER,,,,,,,,
mimosa,M,IH,M,AH,S,AH,,,,,,,,
javelin,JH,AE,V,AH,L,AH,N,,,,,,,
cheerleader,CH,IH,ER,L,IY,D,ER,,,,,,,
mallet,M,AE,L,EH,T,,,,,,,,,
salute,S,AH,L,UW,T,,,,,,,,,
bonfire,B,AA,N,F,AY,ER,,,,,,,,
calendar,K,AE,L,AH,N,D,ER,,,,,,,
defibrillator,D,AH,F,IH,B,R,AH,L,EY,T,AH,R,,
braces,B,R,EY,S,IH,Z,,,,,,,,
greyhound,G,R,EY,HH,AW,N,D,,,,,,,
grubs,G,R,AH,B,Z,,,,,,,,,
sloth,S,L,OW,TH,,,,,,,,,,
otter,AA,T,ER,,,,,,,,,,,
wasp ,",,,,,,,,,",W,AA,S,P,,,,,,,,,
snake,S,N,EY,K,,,,,,,,,,
flyswatter,F,L,AY,Z,W,AA,T,ER,,,,,,
pigeon,P,IH,JH,AH,N,,,,,,,,,
elk,EH,L,K,,,,,,,,,,,
manatee,M,EY,N,AH,T,IY,,,,,,,,
bridle,B,R,AY,D,AH,L,,,,,,,,
vulture,V,AH,L,CH,ER,,,,,,,,,
hornet,HH,AO,R,N,AH,T,,,,,,,,
gazelle,G,AH,Z,EH,L,,,,,,,,,
chimpanzee,CH,IH,M,P,AH,N,Z,IY,IY,,,,,
beetle,B,IY,T,AH,L,,,,,,,,,
warthog,W,AO,R,T,HH,AA,G,,,,,,,
wombat,W,AA,M,B,AH,T,,,,,,,,
frog,F,R,AA,G,,,,,,,,,,
hyena,HH,AY,IY,N,AH,,,,,,,,,
eel,IY,L,,,,,,,,,,,,
pony,P,OW,N,IY,,,,,,,,,,
crawfish,K,R,AO,F,AH,SH,,,,,,,,
buffalo,B,AH,F,AH,L,OW,,,,,,,,
cockroach,K,AA,K,R,OW,CH,,,,,,,,
hamster,HH,AE,M,S,T,ER,,,,,,,,
albatross,AE,L,B,AE,T,R,AH,S,,,,,,
polarbear,P,OW,L,ER,B,AE,ER,,,,,,,
cockatiel,K,AA,K,AH,T,IY,L,,,,,,,
pheasant,F,EH,Z,AH,N,T,,,,,,,,
flamingo,F,L,AH,M,IH,N,G,OW,,,,,,
fish,F,IH,SH,,,,,,,,,,,
anteater,AE,N,T,IY,T,ER,,,,,,,,
groundhog,G,R,AW,N,D,HH,AA,G,,,,,,
opossum,AH,P,AA,S,AH,M,,,,,,,,
antelope,AE,N,T,AH,L,OW,P,,,,,,,
chickadee,CH,IH,K,EY,D,IY,,,,,,,,
tarantula,T,AE,R,AH,N,T,Y,UW,L,AH,,,,
jellyfish,JH,EH,L,IY,F,IH,SH,,,,,,,
alligator,AE,L,AH,G,EY,T,ER,,,,,,,
lamb,L,AE,M,,,,,,,,,,,
clam,K,L,AE,M,,,,,,,,,,
rat,R,AE,T,,,,,,,,,,,
goose,G,UW,S,,,,,,,,,,,
iguana,IH,G,W,AH,N,AH,,,,,,,,
centaur,S,EH,N,T,AH,R,,,,,,,,
platypus,P,L,AE,T,AH,P,AH,S,,,,,,
jackal,JH,AE,K,AH,L,,,,,,,,,
slug,S,L,AH,G,,,,,,,,,,
tusk,T,AH,S,K,,,,,,,,,,
calf,K,AE,F,,,,,,,,,,,
stomach,S,T,AH,M,AH,K,,,,,,,,
beak,B,AH,AE,K,,,,,,,,,,
wrist,R,IH,S,T,,,,,,,,,,
mane,M,EY,N,,,,,,,,,,,
chin,CH,IH,N,,,,,,,,,,,
tongue,T,AH,NG,,,,,,,,,,,
head,HH,EH,D,,,,,,,,,,,
whiskers,W,IH,S,K,ER,Z,,,,,,,,
knee,N,IY,,,,,,,,,,,,
bone,B,OW,N,,,,,,,,,,,
snout,S,N,AW,T,,,,,,,,,,
handkerchief,HH,AE,NG,K,ER,CH,AH,F,,,,,,
jaw,JH,AO,,,,,,,,,,,,
elbow,EH,L,B,OW,,,,,,,,,,
ankle,AE,NG,K,AH,L,,,,,,,,,
horns,HH,AO,R,N,Z,,,,,,,,,
shallots,SH,AE,L,AH,T,S,,,,,,,,
spinach,S,P,IH,N,IH,CH,,,,,,,,
mayonnaise,M,EY,AH,N,EY,Z,,,,,,,,
sourcream,S,AW,ER,K,R,IY,M,,,,,,,
plum,P,L,AH,M,,,,,,,,,,
cheesecake,CH,IY,Z,K,EY,K,,,,,,,,
muffin,M,AH,F,AH,N,,,,,,,,,
bacon,B,EY,K,AH,N,,,,,,,,,
milkshake,M,IH,L,K,SH,EY,K,,,,,,,
grapefruit,G,R,EY,P,F,R,UW,T,,,,,,
cabbage,K,AE,B,IH,JH,,,,,,,,,
zucchini,Z,AH,K,AH,N,IY,,,,,,,,
beans,B,IY,N,Z,,,,,,,,,,
garlic,G,AA,R,L,IH,K,,,,,,,,
lime,L,AY,M,,,,,,,,,,,
apricot,AE,P,R,AH,K,AA,T,,,,,,,
sunflowerseeds,S,AH,N,F,L,AW,ER,S,IY,D,Z,,,
lentils,L,EH,N,T,AH,L,Z,,,,,,,
lasagna,L,AH,S,AE,G,N,AH,,,,,,,
trailmix,T,R,EY,L,M,IH,K,S,,,,,,
jellybeans,JH,EH,L,IY,B,IY,N,Z,,,,,,
turnip,T,ER,N,AH,P,,,,,,,,,
eggplant,EH,G,P,L,AE,N,T,,,,,,,
pepper,P,EH,P,ER,,,,,,,,,,
calzone,K,AE,L,Z,OW,N,,,,,,,,
avocado,AE,V,AH,K,AA,D,OW,,,,,,,
pancakes,P,AE,N,K,EY,K,S,,,,,,,
pecan,P,IH,K,AE,N,,,,,,,,,
cantaloupe,K,AE,N,T,AH,L,OW,P,,,,,,
corn,K,AO,R,N,,,,,,,,,,
liquor,L,IH,K,ER,,,,,,,,,,
rotisserie,R,OW,T,IY,Z,ER,IY,,,,,,,
shampoo,SH,AE,M,P,UW,,,,,,,,,
wall,W,AO,L,,,,,,,,,,,
nightstand,N,AY,T,S,T,AE,N,D,,,,,,
beanbagchair,B,IY,N,B,AE,G,CH,EH,ER,,,,,
bookshelf,B,UH,K,SH,EH,L,F,,,,,,,
tablecloth,T,EY,B,AH,L,K,L,AO,TH,,,,,
closet,K,L,AA,Z,AH,T,,,,,,,,
cupboard,K,AH,B,ER,D,,,,,,,,,
garagedoor,G,AH,R,AA,ZH,D,OW,R,,,,,,
birdhouse,B,ER,D,HH,AW,S,,,,,,,,
ceilingfan,S,EH,L,IH,NG,F,AE,N,,,,,,
recliner,R,IH,K,L,AY,N,ER,,,,,,,
bassinet,B,AE,S,AH,N,EH,T,,,,,,,
hairdryer,HH,EH,R,D,R,AY,ER,,,,,,,
toolbelt,T,UW,L,B,EH,L,T,,,,,,,
snowblower,S,N,OW,B,L,OW,ER,,,,,,,
driveway,D,R,AY,V,W,EY,,,,,,,,
curio,K,Y,UH,R,IY,OW,,,,,,,,
doorway,D,OW,R,W,EY,,,,,,,,,
jukebox,JH,UW,K,B,AA,K,S,,,,,,,
dishwasher,D,IH,SH,W,AA,SH,ER,,,,,,,
footstool,F,UH,T,S,T,UW,L,,,,,,,
canopy,K,AE,N,AH,P,IY,,,,,,,,
carpet,K,AA,R,P,AH,T,,,,,,,,
vault,V,AO,L,T,,,,,,,,,,
crossstitch,K,R,AO,S,T,IH,CH,,,,,,,
conditioner,K,AH,N,D,IH,SH,AH,N,ER,,,,,
washcloth,W,AA,SH,K,L,AO,TH,,,,,,,
handrail,HH,AE,N,D,R,EY,L,,,,,,,
deskchair,D,EH,S,K,CH,EH,ER,,,,,,,
griddle,G,R,IH,D,AH,L,,,,,,,,
camcorder,K,AE,M,K,AO,R,D,ER,,,,,,
microwave,M,AY,K,R,OW,W,EY,V,,,,,,
dumpster,D,AH,M,P,S,T,ER,,,,,,,
film,F,IH,L,M,,,,,,,,,,
sponge,S,P,AH,N,JH,,,,,,,,,
dryer,D,R,AY,ER,,,,,,,,,,
cigar,S,IH,G,AA,R,,,,,,,,,
rattle,R,AE,T,AH,L,,,,,,,,,
container,K,AH,N,T,EY,N,ER,,,,,,,
dolly,D,AA,L,IY,,,,,,,,,,
totebag,T,OW,T,B,AE,G,,,,,,,,
jail,JH,EY,L,,,,,,,,,,,
measuringcup,M,EH,ZH,ER,IH,NG,K,AH,P,,,,,
washboard,W,AA,SH,B,OW,R,D,,,,,,,
bottlecap,B,AA,T,AH,L,K,AE,P,,,,,,
saucer,S,AO,S,ER,,,,,,,,,,
nickel,N,IH,K,AH,L,,,,,,,,,
shopvac,SH,AA,P,V,AH,K,,,,,,,,
bathroom,B,AE,TH,R,UW,M,,,,,,,,
banner,B,AE,N,ER,,,,,,,,,,
oilcan,OY,L,K,AE,N,,,,,,,,,
projector,P,R,AA,JH,EH,K,T,ER,,,,,,
clothes,K,L,OW,DH,Z,,,,,,,,,
rack,R,AE,K,,,,,,,,,,,
lid,L,IH,D,,,,,,,,,,,
colander,K,OW,L,AE,N,D,ER,,,,,,,
torch,T,AO,R,CH,,,,,,,,,,
powerstrip,P,AW,ER,S,T,R,IH,P,,,,,,
bolt,B,OW,L,T,,,,,,,,,,
cigarette,S,IH,G,AH,R,EH,T,,,,,,,
whisk,W,IH,S,K,,,,,,,,,,
plunger,P,L,AH,N,JH,ER,,,,,,,,
poison,P,OY,Z,AH,N,,,,,,,,,
syringe,S,AH,R,IH,N,JH,,,,,,,,
wok,W,AA,K,,,,,,,,,,,
ink,IH,NG,K,,,,,,,,,,,
barrette,B,AA,R,EH,T,,,,,,,,,
textbook,T,EH,K,S,T,B,UH,K,,,,,,
sculpture,S,K,AH,L,P,CH,ER,,,,,,,
creditcard,K,R,EH,D,AH,T,K,AA,R,D,,,,
glass,G,L,AE,S,,,,,,,,,,
table,T,EY,B,AH,L,,,,,,,,,
socket,S,AA,K,AH,T,,,,,,,,,
casseroledish,K,AE,S,AH,R,AA,L,AH,D,AH,SH,,,
speaker,S,P,IY,K,ER,,,,,,,,,
shavingcream,SH,EY,V,IH,NG,K,R,IY,M,,,,,
grater,G,R,AE,T,ER,,,,,,,,,
fabric,F,AE,B,R,IH,K,,,,,,,,
corer,K,OW,R,ER,,,,,,,,,,
fannypack,F,AE,N,IY,P,AE,K,,,,,,,
staples,S,T,EY,P,AH,L,Z,,,,,,,
coffeepress,K,AO,F,IY,P,R,EH,S,,,,,,
lunchbox,L,AH,N,CH,B,AA,K,S,,,,,,
pincushion,P,IH,N,K,UH,SH,AH,N,,,,,,
cloth,K,L,AO,TH,,,,,,,,,,
floss,F,L,AA,S,,,,,,,,,,
garbagebag,G,AA,R,B,IH,JH,B,AE,G,,,,,
nailclippers,N,EY,L,K,L,IH,P,ER,Z,,,,,
sprinkler,S,P,R,IH,NG,K,AH,L,ER,,,,,
charcoal,CH,AA,R,K,OW,L,,,,,,,,
deck,D,EH,K,,,,,,,,,,,
ticketbooth,T,IH,K,AH,T,B,UW,TH,,,,,,
tiara,T,AY,AH,R,AH,,,,,,,,,
bridge,B,R,IH,JH,,,,,,,,,,
parkingmeter,P,AA,R,K,IH,NG,M,IY,T,ER,,,,
birdbath,B,ER,D,B,AE,TH,,,,,,,,
tomb,T,UW,M,,,,,,,,,,,
eskimo,EH,S,AH,M,OW,,,,,,,,,
ocean,OW,SH,AH,N,,,,,,,,,,
waterslide,W,AO,T,ER,S,L,AY,D,,,,,,
conductor,K,AA,N,D,AH,K,T,ER,,,,,,
sidewalk,S,AY,D,W,AO,K,,,,,,,,
column,K,AA,L,AH,M,,,,,,,,,
yieldsign,Y,IY,L,D,S,AY,N,,,,,,,
lean-to,L,IY,N,T,UW,,,,,,,,,
solarpanel,S,OW,L,ER,P,AE,N,AH,L,,,,,
organ,AO,R,G,AH,N,,,,,,,,,
ukulele,Y,UW,K,Y,AH,L,IY,L,,,,,,
mandolin,M,AE,N,D,AH,L,AH,N,,,,,,
singer,S,IH,NG,ER,,,,,,,,,,
piano,P,IY,AE,N,OW,,,,,,,,,
tiller,T,IH,L,ER,,,,,,,,,,
cymbals,S,IH,M,B,AH,L,Z,,,,,,,
harmonica,HH,AA,R,M,AA,N,IH,K,AH,,,,,
chestnut,CH,EH,S,N,AH,T,,,,,,,,
leaf,L,IY,F,,,,,,,,,,,
sanddunes,S,AE,N,D,UW,N,Z,,,,,,,
sun,S,AH,N,,,,,,,,,,,
tumbleweed,T,AH,M,B,AH,L,W,IY,D,,,,,
ashes,AE,SH,IH,Z,,,,,,,,,,
mulch,M,AH,L,CH,,,,,,,,,,
tornado,T,AO,R,N,EY,D,OW,,,,,,,
moss,M,AO,S,,,,,,,,,,,
earth,ER,TH,,,,,,,,,,,,
birdfeeder,B,ER,D,F,IY,D,ER,,,,,,,
appletree,AE,P,AH,L,T,R,IY,,,,,,,
forest,F,AO,R,AH,S,T,,,,,,,,
snow,S,N,OW,,,,,,,,,,,
potofgold,P,AA,T,AH,F,G,OW,L,D,,,,,
pebble,P,EH,B,AH,L,,,,,,,,,
hydrangea,HH,IH,D,R,AE,N,JH,IY,AH,,,,,
soot,S,AH,T,,,,,,,,,,,
waspnest,W,AA,S,P,N,EH,S,T,,,,,,
tile,T,AY,L,,,,,,,,,,,
toycar,T,OY,K,AA,R,,,,,,,,,
nurse,N,ER,S,,,,,,,,,,,
scientist,S,AY,AH,N,T,IH,S,T,,,,,,
fairy,F,AE,ER,IY,,,,,,,,,,
teddybear,T,EH,D,IY,B,AE,ER,,,,,,,
armor,AA,R,M,ER,,,,,,,,,,
teacher,T,IY,CH,ER,,,,,,,,,,
choir,K,W,AY,ER,,,,,,,,,,
tablet,T,AE,B,L,AH,T,,,,,,,,
elf,EH,L,F,,,,,,,,,,,
ammunition,AE,M,Y,AH,N,IH,SH,AH,N,,,,,
buffet,B,AH,F,AH,T,,,,,,,,,
jack-o-lantern,JH,AE,K,OW,L,AE,N,T,ER,N,,,,
curlingiron,K,ER,L,IH,NG,AY,ER,N,,,,,,
holster,HH,OW,L,S,T,ER,,,,,,,,
mascara,M,AE,S,K,AE,R,AH,,,,,,,
giftbag,G,IH,F,T,B,AE,G,,,,,,,
wrappingpaper,R,AE,P,IH,NG,P,EY,P,ER,,,,,
weight,W,EY,T,,,,,,,,,,,
machete,M,AH,CH,IY,T,,,,,,,,,
telephonewire,T,EH,L,AH,F,OW,N,W,AY,ER,,,,
wirecutters,W,AY,ER,K,AH,T,ER,Z,,,,,,
bit,B,IH,T,,,,,,,,,,,
joint,JH,OY,N,T,,,,,,,,,,
seed,S,IY,D,,,,,,,,,,,
lugwrench,L,AH,G,R,EH,N,CH,,,,,,,
coloredpencils,K,AH,L,ER,D,P,EH,N,S,AH,L,Z,,
canvas,K,AE,N,V,AH,S,,,,,,,,
crowbar,K,R,OW,B,AA,R,,,,,,,,
allenwrench,AO,L,AH,N,R,EH,N,CH,,,,,,
toolbox,T,UW,L,B,AA,K,S,,,,,,,
trowel,T,R,OW,AH,L,,,,,,,,,
sickle,S,IH,K,AH,L,,,,,,,,,
bottleopener,B,AA,T,AH,L,OW,P,AH,N,ER,,,,
compass,K,AH,M,P,AH,S,,,,,,,,
periscope,P,EH,R,AH,S,K,OW,P,,,,,,
bullet,B,UH,L,AH,T,,,,,,,,,
cellophane,S,EH,L,AH,F,EY,N,,,,,,,
whiskey,W,IH,S,K,IY,,,,,,,,,
grenade,G,R,AH,N,EY,D,,,,,,,,
rubberduck,R,AH,B,ER,D,AH,K,,,,,,,
fishingbob,F,IH,SH,IH,NG,B,AA,B,,,,,,
punchingbag,P,AH,N,CH,IH,NG,B,AE,G,,,,,
tireswing,T,AY,ER,S,W,IH,NG,,,,,,,
harness,HH,AA,R,N,AH,S,,,,,,,,
checkers,CH,EH,K,ER,Z,,,,,,,,,
marble,M,AA,R,B,AH,L,,,,,,,,
flail,F,L,EY,L,,,,,,,,,,
golfclub,G,AA,L,F,K,L,AH,B,,,,,,
tvstand,T,V,S,T,AE,N,D,,,,,,,
plaque,P,L,AE,K,,,,,,,,,,
nunchucks,N,AH,N,CH,AH,K,S,,,,,,,
frisbee,F,R,AY,Z,B,IY,,,,,,,,
ferry,F,EH,R,IY,,,,,,,,,,
carriage,K,AE,R,IH,JH,,,,,,,,,
hotairballoon,HH,AA,T,EH,R,B,AH,L,UW,N,,,,
ATV,AE,T,V,,,,,,,,,,,
surfboard,S,ER,F,B,OW,R,D,,,,,,,
policecar,P,AH,L,IY,S,K,AA,R,,,,,,
tractortrailer,T,R,AE,K,T,ER,T,R,EY,L,ER,,,
lifevest,L,AY,F,V,EH,S,T,,,,,,,
planet,P,L,AE,N,AH,T,,,,,,,,
pogostick,P,AH,G,AA,S,T,AH,K,,,,,,
cruiseship,K,R,UW,Z,SH,IH,P,,,,,,,
monkeybars,M,AH,NG,K,IY,B,AA,R,Z,,,,,
wagon,W,AE,G,AH,N,,,,,,,,,
skilift,S,K,IY,L,IH,F,T,,,,,,,
hopscotch,HH,AA,P,S,K,AA,CH,,,,,,,
windshield,W,IH,N,D,SH,IY,L,D,,,,,,
carseat,K,AA,R,S,IY,T,,,,,,,,
battleship,B,AE,T,AH,L,SH,IH,P,,,,,,
junglegym,JH,AH,N,G,L,AH,JH,AH,M,,,,,
drone,D,R,OW,N,,,,,,,,,,
innertube,IH,N,ER,T,UW,B,,,,,,,,
subway,S,AH,B,W,EY,,,,,,,,,
trapeze,T,R,AH,P,IY,Z,,,,,,,,
fender,F,EH,N,D,ER,,,,,,,,,
shed,SH,EH,D,,,,,,,,,,,
hospital,HH,AA,S,P,IH,T,AH,L,,,,,,
pencilcase,P,EH,N,S,AH,L,K,EY,S,,,,,
license,L,AY,S,AH,N,S,,,,,,,,
cast,K,AE,S,T,,,,,,,,,,
sash,S,AE,SH,,,,,,,,,,,
underwear,AH,N,D,ER,W,AE,ER,,,,,,,
dial,D,AY,AH,L,,,,,,,,,,
scarf,S,K,AA,R,F,,,,,,,,,
onesie,W,AH,N,Z,IY,,,,,,,,,
highheel,HH,AY,HH,IY,L,,,,,,,,,
bracelet,B,R,EY,S,L,AH,T,,,,,,,
hearingaid,HH,IH,ER,IH,NG,EY,D,,,,,,,
cell,S,EH,L,,,,,,,,,,,
earmuffs,IH,ER,M,AH,F,S,,,,,,,,
laces,L,EY,S,IH,Z,,,,,,,,,
shield,SH,IY,L,D,,,,,,,,,,
coatrack,K,OW,AH,T,R,AE,K,,,,,,,
goggles,G,AA,G,AH,L,Z,,,,,,,,
finishline,F,IH,N,IH,SH,L,AY,N,,,,,,
suspenders,S,AH,S,P,EH,N,D,ER,Z,,,,,
money,M,AH,N,IY,,,,,,,,,,
robe,R,OW,B,,,,,,,,,,,
blouse,B,L,AW,S,,,,,,,,,,
sneaker,S,N,IY,K,ER,,,,,,,,,
Christmastree,K,R,IH,S,T,M,AH,S,T,R,IY,IY,,
quilt,K,W,IH,L,T,,,,,,,,,
cufflinks,K,AH,F,L,IH,NG,K,S,,,,,,
rainboots,R,EY,N,B,UW,T,S,,,,,,,
moneyclip,M,AH,N,IY,K,L,IH,P,,,,,,
grandfatherclock,G,R,AE,N,D,F,AA,DH,ER,K,L,AA,K,
chauffeur,SH,OW,F,ER,,,,,,,,,,
poinsettia,P,OY,N,S,EH,T,IY,AH,,,,,,
sledgehammer,S,L,EH,JH,AH,HH,AE,M,AH,R,,,,
wasabi,W,AA,S,AH,B,IY,,,,,,,,
totempole,T,AA,T,IH,M,P,OW,L,,,,,,
guacamole,G,Y,UW,AE,K,AH,M,OW,L,,,,,
kneepads,N,IY,P,AE,D,Z,,,,,,,,
wetsuit,W,EH,T,S,UW,T,,,,,,,,
crossbow,K,R,AO,S,B,AW,,,,,,,,
centerpiece,S,EH,N,T,ER,P,IY,S,,,,,,
fondue,F,AA,N,D,UW,,,,,,,,,
barbecue,B,AA,R,B,IH,K,Y,UW,,,,,,
brush,B,R,AH,SH,,,,,,,,,,
telephone,T,EH,L,AH,F,OW,N,,,,,,,
guitar,G,AH,T,AA,R,,,,,,,,,
ant,AE,N,T,,,,,,,,,,,
crab,K,R,AE,B,,,,,,,,,,
tiger,T,AY,G,ER,,,,,,,,,,
car,K,AA,R,,,,,,,,,,,
hamburger,HH,AE,M,B,ER,G,ER,,,,,,,
strawberry,S,T,R,AO,B,EH,R,IY,,,,,,
boot,B,UW,T,,,,,,,,,,,
anchor,AE,NG,K,ER,,,,,,,,,,
bed,B,EH,D,,,,,,,,,,,
bench,B,EH,N,CH,,,,,,,,,,
chair,CH,EH,ER,,,,,,,,,,,
chimney,CH,IH,M,N,IY,,,,,,,,,
desk,D,EH,S,K,,,,,,,,,,
door,D,OW,R,,,,,,,,,,,
lamp,L,AE,M,P,,,,,,,,,,
toilet,T,OY,L,AH,T,,,,,,,,,
basket,B,AE,S,K,AH,T,,,,,,,,
book,B,UH,K,,,,,,,,,,,
bowl,B,OW,L,,,,,,,,,,,
broom,B,R,UW,M,,,,,,,,,,
camera,K,AE,M,R,AH,,,,,,,,,
can,K,AE,N,,,,,,,,,,,
candle,K,AE,N,D,AH,L,,,,,,,,
clock,K,L,AA,K,,,,,,,,,,
comb,K,OW,M,,,,,,,,,,,
flashlight,F,L,AE,SH,L,AY,T,,,,,,,
fork,F,AO,R,K,,,,,,,,,,
key,K,IY,,,,,,,,,,,,
knife,N,AY,F,,,,,,,,,,,
pen,P,EH,N,,,,,,,,,,,
pencil,P,EH,N,S,AH,L,,,,,,,,
pipe,P,AY,P,,,,,,,,,,,
rake,R,EY,K,,,,,,,,,,,
ruler,R,UW,L,ER,,,,,,,,,,
scale,S,K,EY,L,,,,,,,,,,
scissors,S,IH,Z,ER,Z,,,,,,,,,
spoon,S,P,UW,N,,,,,,,,,,
church,CH,ER,CH,,,,,,,,,,,
cross,K,R,AO,S,,,,,,,,,,
house,HH,AW,S,,,,,,,,,,,
pyramid,P,IH,R,AH,M,IH,D,,,,,,,
tent,T,EH,N,T,,,,,,,,,,
well,W,EH,L,,,,,,,,,,,
cannon,K,AE,N,AH,N,,,,,,,,,
drum,D,R,AH,M,,,,,,,,,,
harp,HH,AA,R,P,,,,,,,,,,
whistle,W,IH,S,AH,L,,,,,,,,,
hammer,HH,AE,M,ER,,,,,,,,,,
hose,HH,OW,Z,,,,,,,,,,,
nail,N,EY,L,,,,,,,,,,,
rope,R,OW,P,,,,,,,,,,,
saw,S,AO,,,,,,,,,,,,
microscope,M,AY,K,R,OW,S,K,OW,P,,,,,
stethoscope,S,T,EH,TH,AH,S,K,OW,P,,,,,
ball,B,AO,L,,,,,,,,,,,
balloon,B,AH,L,UW,N,,,,,,,,,
bell,B,EH,L,,,,,,,,,,,
binoculars,B,AH,N,AA,K,Y,AH,L,ER,Z,,,,
football,F,UH,T,B,AO,L,,,,,,,,
kite,K,AY,T,,,,,,,,,,,
saddle,S,AE,D,AH,L,,,,,,,,,
top,T,AA,P,,,,,,,,,,,
baby,B,EY,B,IY,,,,,,,,,,
clown,K,L,AW,N,,,,,,,,,,
cowboy,K,AW,B,OY,,,,,,,,,,
fireman,F,AY,ER,M,AE,N,,,,,,,,
ghost,G,OW,S,T,,,,,,,,,,
king,K,IH,NG,,,,,,,,,,,
man,M,AE,N,,,,,,,,,,,
pirate,P,AY,R,AH,T,,,,,,,,,
queen,K,W,IY,N,,,,,,,,,,
sailor,S,EY,L,ER,,,,,,,,,,
bat,B,AE,T,,,,,,,,,,,
butterfly,B,AH,T,ER,F,L,AY,,,,,,,
camel,K,AE,M,AH,L,,,,,,,,,
cat,K,AE,T,,,,,,,,,,,
cow,K,AW,,,,,,,,,,,,
dog,D,AO,G,,,,,,,,,,,
dragon,D,R,AE,G,AH,N,,,,,,,,
duck,D,AH,K,,,,,,,,,,,
elephant,EH,L,AH,F,AH,N,T,,,,,,,
goat,G,OW,T,,,,,,,,,,,
horse,HH,AO,R,S,,,,,,,,,,
lion,L,AY,AH,N,,,,,,,,,,
monkey,M,AH,NG,K,IY,,,,,,,,,
octopus,AA,K,T,AH,P,AH,S,,,,,,,
owl,AW,L,,,,,,,,,,,,
pig,P,IH,G,,,,,,,,,,,
seal,S,IY,L,,,,,,,,,,,
snail,S,N,EY,L,,,,,,,,,,
spider,S,P,AY,D,ER,,,,,,,,,
squirrel,S,K,W,ER,AH,L,,,,,,,,
turkey,T,ER,K,IY,,,,,,,,,,
zebra,Z,IY,B,R,AH,,,,,,,,,
beard,B,IH,ER,D,,,,,,,,,,
ear,IH,ER,,,,,,,,,,,,
eye,AY,,,,,,,,,,,,,
foot,F,UH,T,,,,,,,,,,,
hair,HH,EH,R,,,,,,,,,,,
hand,HH,AE,N,D,,,,,,,,,,
heart,HH,AA,R,T,,,,,,,,,,
nose,N,OW,Z,,,,,,,,,,,
wig,W,IH,G,,,,,,,,,,,
bus,B,AH,S,,,,,,,,,,,
helicopter,HH,EH,L,AH,K,AA,P,T,ER,,,,,
skis,S,K,AY,Z,,,,,,,,,,
tractor,T,R,AE,K,T,ER,,,,,,,,
train,T,R,EY,N,,,,,,,,,,
apple,AE,P,AH,L,,,,,,,,,,
banana,B,AH,N,AE,N,AH,,,,,,,,
bread,B,R,EH,D,,,,,,,,,,
cake,K,EY,K,,,,,,,,,,,
carrot,K,AE,R,AH,T,,,,,,,,,
celery,S,EH,L,R,IY,,,,,,,,,
grapes,G,R,EY,P,S,,,,,,,,,
pear,P,AE,ER,,,,,,,,,,,
pumpkin,P,AH,M,P,K,AH,N,,,,,,,
sandwich,S,AE,N,D,W,IH,CH,,,,,,,
belt,B,EH,L,T,,,,,,,,,,
cane,K,EY,N,,,,,,,,,,,
crown,K,R,AW,N,,,,,,,,,,
glove,G,L,AH,V,,,,,,,,,,
necklace,N,EH,K,L,AH,S,,,,,,,,
ring,R,IH,NG,,,,,,,,,,,
shoe,SH,UW,,,,,,,,,,,,
sock,S,AA,K,,,,,,,,,,,
zipper,Z,IH,P,ER,,,,,,,,,,
letter,L,EH,T,ER,,,,,,,,,,
map,M,AE,P,,,,,,,,,,,
flower,F,L,AW,ER,,,,,,,,,,
mountain,M,AW,N,T,AH,N,,,,,,,,
tree,T,R,IY,,,,,,,,,,,
volcano,V,AA,L,K,EY,N,OW,,,,,,,